"","id","session","query","annotation","query_state"
"27",27,"yahoo-13","yahoo! profile","[[\http://dbpedia.org/resource/User_profile\""]]""","WS"
"30",30,"yahoo-13","presidents email","[[\http://dbpedia.org/resource/President_of_the_United_States\""] [\""http://dbpedia.org/resource/Email_address\""]]""","WS"
"31",31,"yahoo-13","presidents elected","[[\http://dbpedia.org/resource/President_of_the_United_States\""] [\""http://dbpedia.org/resource/United_States_presidential_election\""]]""","WS"
"39",39,"yahoo-13","yahoo mail plus","[[\http://dbpedia.org/resource/Yahoo!_Mail\""]]""","WS"
"51",51,"yahoo-18","texas fishing license age","[[\http://dbpedia.org/resource/Texas\""]]""","WS"
"55",55,"yahoo-20","jc penney curtains","[[\http://dbpedia.org/resource/J._C._Penney\]  [\""http://dbpedia.org/resource/Curtain\""]]""","WS"
"115",115,"yahoo-67","cyndi lauper all through the night","[[\http://dbpedia.org/resource/Cyndi_Lauper\""] [\""http://dbpedia.org/resource/All_Through_the_Night_(Cyndi_Lauper_song)\""]]""","WS"
"118",118,"yahoo-67","always something there to remind me lyrics","[[\http://dbpedia.org/resource/(There's)_Always_Something_There_to_Remind_Me\""] [\""http://dbpedia.org/resource/Lyrics\""]""","WS"
"138",138,"yahoo-74","homemade pizza recipes","[[\http://dbpedia.org/resource/Pizza\""] [\""http://dbpedia.org/resource/Recipe\""]]""","WS"
"139",139,"yahoo-74","homemade potato chips","[[\http://dbpedia.org/resource/Potato_chip\""]]""","WS"
"140",140,"yahoo-74","homemade pork sausage","[[\http://dbpedia.org/resource/Sausage\""]]""","WS"
"146",146,"yahoo-78","adobe pdf converter","[[\http://dbpedia.org/resource/Adobe_Systems\""] [\""http://dbpedia.org/resource/Portable_Document_Format\""] [\""http://dbpedia.org/resource/Data_conversion\""]]""","WS"
"148",148,"yahoo-78","adobe pdf converter downloads","[[\http://dbpedia.org/resource/Adobe_Systems\""] [\""http://dbpedia.org/resource/Portable_Document_Format\""] [\""http://dbpedia.org/resource/Data_conversion\""] [\""http://dbpedia.org/resource/Download\""]]""","WS"
"149",149,"yahoo-78","free adobe pdf converter","[[\http://dbpedia.org/resource/Gratis\""] [\""http://dbpedia.org/resource/Adobe_Systems\""] [\""http://dbpedia.org/resource/Portable_Document_Format\""] [\""http://dbpedia.org/resource/Data_conversion\""]]""","WS"
"152",152,"yahoo-78","adobe pdf converter driver","[[\http://dbpedia.org/resource/Adobe_Systems\""] [\""http://dbpedia.org/resource/Portable_Document_Format\""] [\""http://dbpedia.org/resource/Data_conversion\""] [\""http://dbpedia.org/resource/Device_driver\""]]""","WS"
"153",153,"yahoo-78","adobe pdf converter to word","[[\http://dbpedia.org/resource/Adobe_Systems\""] [\""http://dbpedia.org/resource/Portable_Document_Format\""] [\""http://dbpedia.org/resource/Data_conversion\""] [\""http://dbpedia.org/resource/Microsoft_Word\""]]""","WS"
"156",156,"yahoo-78","google search","[[\http://dbpedia.org/resource/Google_Search\""]]""","WS"
"159",159,"yahoo-78","paradigm mall facebook","[[\http://dbpedia.org/resource/Facebook\""]]""","WS"
"160",160,"yahoo-78","paradigm mall gsc","[[\http://dbpedia.org/resource/Golden_Screen_Cinemas\""]]""","WS"
"161",161,"yahoo-78","paradigm mall kuala lumpur","[[\http://dbpedia.org/resource/Kuala_Lumpur\""]]""","WS"
"162",162,"yahoo-78","paradigm mall malaysia","[[\http://dbpedia.org/resource/Malaysia\""]]""","WS"
"176",176,"yahoo-84","tim burton corpse bride","[[\http://dbpedia.org/resource/Tim_Burton\""] [\""http://dbpedia.org/resource/Corpse_Bride\""]]""","WS"
"177",177,"yahoo-84","tim burton movies","[[\http://dbpedia.org/resource/Tim_Burton\""] [\""http://dbpedia.org/resource/Film\""]]""","WS"
"184",184,"yahoo-89","google translation english to spanish","[[\http://dbpedia.org/resource/Google_Translate]  [\""http://dbpedia.org/resource/English_language\] [\""http://dbpedia.org/resource/Spanish_language\""]]""","WS"
"201",201,"yahoo-93","citicards credit cards","[[\http://dbpedia.org/resource/Citigroup\""] [\""http://dbpedia.org/resource/Credit_card\""]]""","WS"
"202",202,"yahoo-93","citicards click to pay","[[\http://dbpedia.org/resource/Citigroup\""] [\""http://dbpedia.org/resource/Online_banking\""]]""","WS"
"203",203,"yahoo-93","citicards online bill pay","[[\http://dbpedia.org/resource/Citigroup\""] [\""http://dbpedia.org/resource/Online_banking\""]]""","WS"
"204",204,"yahoo-93","citicards online login","[[\http://dbpedia.org/resource/Citigroup\""] [\""http://dbpedia.org/resource/Online_banking\""] [\""http://dbpedia.org/resource/Login\""]]""","WS"
"205",205,"yahoo-93","citicards thank you points","[[\http://dbpedia.org/resource/Citigroup\""] [\""http://dbpedia.org/resource/Loyalty_program\""]]""","WS"
"206",206,"yahoo-93","citicards thank you rewards","[[\http://dbpedia.org/resource/Citigroup\""] [\""http://dbpedia.org/resource/Loyalty_program\""]]""","WS"
"212",212,"yahoo-93","youtube downloader","[[\http://dbpedia.org/resource/YouTube\""] [\""http://dbpedia.org/resource/Comparison_of_YouTube_downloaders\""]]""","WS"
"213",213,"yahoo-93","youtube video","[[\http://dbpedia.org/resource/YouTube\""] [\""http://dbpedia.org/resource/Video\""]]""","WS"
"236",236,"yahoo-104","yahoo! games","[[\http://dbpedia.org/resource/Yahoo!_Games\""]]""","WS"
"248",248,"yahoo-113","origami dollar","[[\http://dbpedia.org/resource/Origami\""] [\""http://dbpedia.org/resource/Dollar\""]]""","WS"
"275",275,"yahoo-126","check my yahoo mail","[[\http://dbpedia.org/resource/Yahoo!_Mail\""]]""","WS"
"276",276,"yahoo-126","yahoo london","[[\http://dbpedia.org/resource/Yahoo!\""] [\""http://dbpedia.org/resource/London\""]]""","WS"
"277",277,"yahoo-126","yahoo long distance","[[\http://dbpedia.org/resource/Yahoo!\""]]""","WS"
"281",281,"yahoo-128","french test for beginners","[[\http://dbpedia.org/resource/French_language\""] [\""http://dbpedia.org/resource/Test_(assessment)\""]]""","WS"
"285",285,"yahoo-128","cambridge english test","[[\http://dbpedia.org/resource/University_of_Cambridge\""] [\""http://dbpedia.org/resource/English_language\""] [\""http://dbpedia.org/resource/Test_(assessment)\""]]""","WS"
"298",298,"yahoo-138","2013 altima recall","[[\http://dbpedia.org/resource/2013\""] [\""http://dbpedia.org/resource/Nissan_Altima\""] [\""http://dbpedia.org/resource/Product_recall\""]]""","WS"
"299",299,"yahoo-138","2013 altima sedan","[[\http://dbpedia.org/resource/2013\""] [\""http://dbpedia.org/resource/Nissan_Altima\""] [\""http://dbpedia.org/resource/Sedan_(automobile)\""]]""","WS"
"300",300,"yahoo-138","honda 2013 accord sedan","[[\http://dbpedia.org/resource/Honda\""] [\""http://dbpedia.org/resource/2013\""] [\""http://dbpedia.org/resource/Honda_Accord\""] [\""http://dbpedia.org/resource/Sedan_(automobile)\""]]""","WS"
"301",301,"yahoo-138","2013 accord sedan","[[\http://dbpedia.org/resource/2013\""] [\""http://dbpedia.org/resource/Honda_Accord\""] [\""http://dbpedia.org/resource/Sedan_(automobile)\""]]""","WS"
"304",304,"yahoo-138","2013 kia optima","[[\http://dbpedia.org/resource/2013\""] [\""http://dbpedia.org/resource/Kia_Optima\""]]""","WS"
"305",305,"yahoo-138","2013 rav4","[[\http://dbpedia.org/resource/2013\""]]""","WS"
"306",306,"yahoo-138","2013 equinox","[[\http://dbpedia.org/resource/2013\""] [\""http://dbpedia.org/resource/Chevrolet_Equinox\""]]""","WS"
"307",307,"yahoo-138","2013 lacrosse buick","[[\http://dbpedia.org/resource/2013""] [\""http://dbpedia.org/resource/Buick_LaCrosse\""]]""","WS"
"308",308,"yahoo-138","2013 taurus","[[\http://dbpedia.org/resource/2013\""] [\""http://dbpedia.org/resource/Ford_Taurus\""]]""","WS"
"309",309,"yahoo-138","2013 camry","[[\http://dbpedia.org/resource/2013\""] [\""http://dbpedia.org/resource/Toyota_Camry\""]]""","WS"
"311",311,"yahoo-138","2013 mazda cx5","[[\http://dbpedia.org/resource/2013\""] [\""http://dbpedia.org/resource/Mazda\""] [\""http://dbpedia.org/resource/Mazda_CX-5\""]]""","WS"
"312",312,"yahoo-138","2013 mustang","[[\http://dbpedia.org/resource/2013\""] [\""http://dbpedia.org/resource/Ford_Mustang\""]]""","WS"
"313",313,"yahoo-138","2013 malibu","[[\http://dbpedia.org/resource/2013\""] [\""http://dbpedia.org/resource/Chevrolet_Malibu\""]]""","WS"
"315",315,"yahoo-138","2013 malibu price","[[\http://dbpedia.org/resource/2013\""] [\""http://dbpedia.org/resource/Chevrolet_Malibu\""] [\""http://dbpedia.org/resource/Price\""]]""","WS"
"317",317,"yahoo-139","dark chocolate cheesecake recipe","[[\http://dbpedia.org/resource/Types_of_chocolate\""] [\""http://dbpedia.org/resource/Cheesecake\""] [\""http://dbpedia.org/resource/Recipe\""]]""","WS"
"347",347,"yahoo-155","tumblr fat","[[\http://dbpedia.org/resource/Tumblr\""] [\""http://dbpedia.org/resource/Fat\""]]""","WS"
"349",349,"yahoo-155","tumblr themes","[[\http://dbpedia.org/resource/Tumblr\""]]""","WS"
"396",396,"yahoo-192","universal sports schedule","[[\http://dbpedia.org/resource/Universal_Sports\""] [\""http://dbpedia.org/resource/Broadcast_programming\""]]""","WS"
"406",406,"yahoo-197","penticton bc hotels","[[\http://dbpedia.org/resource/Penticton\""] [\""http://dbpedia.org/resource/British_Columbia\""] [\""http://dbpedia.org/resource/Hotel\""]]""","WS"
"407",407,"yahoo-197","penticton bc real estate","[[\http://dbpedia.org/resource/Penticton\""] [\""http://dbpedia.org/resource/British_Columbia\""] [\""http://dbpedia.org/resource/Real_estate\""]]""","WS"
"408",408,"yahoo-197","penticton bc weather","[[\http://dbpedia.org/resource/Penticton\""] [\""http://dbpedia.org/resource/British_Columbia\""] [\""http://dbpedia.org/resource/Weather\""]]""","WS"
"419",419,"yahoo-197","xmas pictures","[[\http://dbpedia.org/resource/Xmas\""] [\""http://dbpedia.org/resource/Image\""]]""","WS"
"420",420,"yahoo-197","xmas presents","[[\http://dbpedia.org/resource/Xmas\""] [\""http://dbpedia.org/resource/Gift\""]]""","WS"
"478",478,"yahoo-235","five crowns corona del mar restaurant newport beach","[[\http://dbpedia.org/resource/Corona_del_Mar_Newport_Beach\""]]""","WS"
"507",507,"yahoo-245","where to purchase","[[\http://dbpedia.org/resource/Shopping\""]]""","WS"
"508",508,"yahoo-245","where to post free ads","[[\http://dbpedia.org/resource/Advertising\""]]""","WS"
"509",509,"yahoo-245","where to post links for free","[[\http://dbpedia.org/resource/Link\""]]""","WS"
"510",510,"yahoo-245","where to post items for sale","[[\http://dbpedia.org/resource/Selling\""]]""","WS"
"514",514,"yahoo-246","map of costa rica","[[\http://dbpedia.org/resource/Map\""] [\""http://dbpedia.org/resource/Costa_Rica\""]]""","WS"
"515",515,"yahoo-246","four seasons costa rica","[[\http://dbpedia.org/resource/Four_Seasons_Hotels_and_Resorts\""] [\""http://dbpedia.org/resource/Costa_Rica\""]]""","WS"
"516",516,"yahoo-246","papagayo costa rica map","[[\http://dbpedia.org/resource/Papagayo_Peninsula\""] [\""http://dbpedia.org/resource/Costa_Rica\""] [\""http://dbpedia.org/resource/Map\""]]""","WS"
"519",519,"yahoo-248","yahoo! deals","[[\http://dbpedia.org/resource/Yahoo!\""]]""","WS"
"522",522,"yahoo-248","death penalty for penn state","[[\http://dbpedia.org/resource/Capital_punishment\""] [\""http://dbpedia.org/resource/Pennsylvania_State_University\""]]""","WS"
"523",523,"yahoo-248","death of rizal","[[\http://dbpedia.org/resource/Death\""] [\""http://dbpedia.org/resource/Jose_Rizal\""]]""","WS"
"524",524,"yahoo-248","death of robin","[[\http://dbpedia.org/resource/Death\""] [\""http://dbpedia.org/resource/Batman:_A_Death_in_the_Family\""]]""","WS"
"537",537,"yahoo-251","michael curry","[[\http://dbpedia.org/resource/Michael_Curry\""]]""","WS"
"543",543,"yahoo-251","city of los angeles visitors bureau","[[\http://dbpedia.org/resource/Los_Angeles\""]]""","WS"
"557",557,"yahoo-261","sig 522 magazine","[[\http://dbpedia.org/resource/SIG_522LR\""] [\""http://dbpedia.org/resource/Magazine_(firearms)\""]]""","WS"
"624",624,"yahoo-307","brick house plans","[[\http://dbpedia.org/resource/Brick\""] [\""http://dbpedia.org/resource/House_plan\""]]""","WS"
"625",625,"yahoo-307","best house plans","[[\http://dbpedia.org/resource/House_plan\""]]""","WS"
"685",685,"yahoo-336","how much water to drink daily","[[\http://dbpedia.org/resource/Water\""] [\""http://dbpedia.org/resource/Drinking\""]]""","WS"
"686",686,"yahoo-336","how to tie a tie","[[\http://dbpedia.org/resource/Necktie\""]]""","WS"
"689",689,"yahoo-336","how many ccie in the world","[[\http://dbpedia.org/resource/Cisco_Career_Certifications\""] [\""http://dbpedia.org/resource/World\""]]""","WS"
"700",700,"yahoo-341","mackenzie childs","[[\http://dbpedia.org/resource/MacKenzie-Childs\""]]""","WS"
"725",725,"yahoo-357","facebook sign up","[[\http://dbpedia.org/resource/Facebook\""]]""","WS"
"727",727,"yahoo-358","sikkens deck stain","[[\http://dbpedia.org/resource/AkzoNobel\""] [\""http://dbpedia.org/resource/Deck_(building)\""] [\""http://dbpedia.org/resource/Wood_stain\""]]""","WS"
"747",747,"yahoo-371","vibram shoes","[[\http://dbpedia.org/resource/Vibram\""]]""","WS"
"748",748,"yahoo-371","ryka shoes","[[\http://dbpedia.org/resource/Ryka""]]""","WS"
"778",778,"yahoo-385","papa joe's restaurant","[[\http://dbpedia.org/resource/Papa_John's_Pizza\""]]""","WS"
"779",779,"yahoo-385","papa johns online","[[\http://dbpedia.org/resource/Papa_John's_Pizza\""] [\""http://dbpedia.org/resource/Online_and_offline\""]]""","WS"
"780",780,"yahoo-385","papa johns menus","[[\http://dbpedia.org/resource/Papa_John's_Pizza\""] [\""http://dbpedia.org/resource/Menu\""]]""","WS"
"781",781,"yahoo-385","papa johns promotion codes","[[\http://dbpedia.org/resource/Papa_John's_Pizza\""] [\""http://dbpedia.org/resource/Coupon\""]]""","WS"
"782",782,"yahoo-385","papa johns c","[[\http://dbpedia.org/resource/Papa_John's_Pizza\""]]""","WS"
"783",783,"yahoo-385","papa johns co","[[\http://dbpedia.org/resource/Papa_John's_Pizza\""] [\""http://dbpedia.org/resource/Coupon\""]]""","WS"
"784",784,"yahoo-385","papa johns codes","[[\http://dbpedia.org/resource/Papa_John's_Pizza\""] [\""http://dbpedia.org/resource/Coupon\""]]""","WS"
"798",798,"yahoo-394","google search","[[\http://dbpedia.org/resource/Google_Search\""]]""","WS"
"860",860,"yahoo-426","best cameras for photography","[[\http://dbpedia.org/resource/Camera\""] [\""http://dbpedia.org/resource/Photography\""]]""","WS"
"882",882,"yahoo-436","bestbut laptops","[[\http://dbpedia.org/resource/Best_Buy\""] [\""http://dbpedia.org/resource/Laptop\""]]""","WS"
"887",887,"yahoo-436","stores with layaway","[[\http://dbpedia.org/resource/Retail\""] [\""http://dbpedia.org/resource/Layaway\""]]""","WS"
"912",912,"yahoo-455","united airlines","[[\http://dbpedia.org/resource/United_Airlines\""]]""","WS"
"936",936,"yahoo-461","spa moving equipment","[[\http://dbpedia.org/resource/Spa\""] [\""http://dbpedia.org/resource/Heavy_equipment\""] [\""http://dbpedia.org/resource/Structure_relocation\""]]""","WS"
"939",939,"yahoo-461","south park","[[\http://dbpedia.org/resource/South_Park\""]]""","WS"
"965",965,"yahoo-468","snow chains","[[\http://dbpedia.org/resource/Snow_chains\""]]""","WS"
"979",979,"yahoo-474","yahoo! mail","[[\http://dbpedia.org/resource/Yahoo!_Mail\""]]""","WS"
"980",980,"yahoo-474","yahoo maps","[[\http://dbpedia.org/resource/Yahoo!_Maps\""]]""","WS"
"1011",1011,"yahoo-490","jw marriott grand rapids","[[\http://dbpedia.org/resource/JW_Marriott_Grand_Rapids\""] [\""http://dbpedia.org/resource/JW_Marriott_Hotels\""] [\""http://dbpedia.org/resource/Grand_Rapids_Michigan\""]]""","WS"
"1039",1039,"yahoo-493","ryan reynolds height","[[\http://dbpedia.org/resource/Ryan_Reynolds\""] [\""http://dbpedia.org/resource/Height\""]]""","WS"
"1069",1069,"yahoo-495","nashville goodwill","[[\http://dbpedia.org/resource/Nashville_Tennessee\""] [\""http://dbpedia.org/resource/Goodwill_Industries\""]]""","WS"
"1070",1070,"yahoo-495","nashville skyline","[[\http://dbpedia.org/resource/Nashville_Skyline\""] [\""http://dbpedia.org/resource/Nashville_Tennessee\""] [\""http://dbpedia.org/resource/Skyline\""]]""","WS"
"1071",1071,"yahoo-495","whiskey kitchen nashville","[[\http://dbpedia.org/resource/Nashville_Tennessee\""]]""","WS"
"1079",1079,"yahoo-495","nashville catholic churches","[[\http://dbpedia.org/resource/Nashville_Tennessee\""] [\""http://dbpedia.org/resource/Catholicism\""] [\""http://dbpedia.org/resource/Church\""]]""","WS"
"1083",1083,"yahoo-496","century 9 san francisco","[[\http://dbpedia.org/resource/San_Francisco\""]]""","WS"
"1096",1096,"yahoo-500","reliefs inn lawrence ma","[[\http://dbpedia.org/resource/Lawrence_Massachusetts\""] [\""http://dbpedia.org/resource/Massachusetts\""]]""","WS"
"1099",1099,"yahoo-501","flat iron steak recipes","[[\http://dbpedia.org/resource/Flat_iron_steak\""] [\""http://dbpedia.org/resource/Recipe\""]]""","WS"
"1115",1115,"yahoo-502","54 main madison nj","[[\http://dbpedia.org/resource/Madison_New_Jersey\""] [\""http://dbpedia.org/resource/New_Jersey\""]]""","WS"
"1206",1206,"yahoo-512","homes for sale lancaster ca","[[\http://dbpedia.org/resource/Real_estate\""] [\""http://dbpedia.org/resource/Lancaster_California\""]]""","WS"
"1211",1211,"yahoo-513","man of steel shirtless","[[\http://dbpedia.org/resource/Man_of_Steel_(film)\""] [\""http://dbpedia.org/resource/Barechestedness\""]]""","WS"
"1230",1230,"yahoo-516","gymboree baby clothes","[[\http://dbpedia.org/resource/Gymboree\""] [\""http://dbpedia.org/resource/Infant_clothing\""]]""","WS"
"1287",1287,"yahoo-523","how many references on a resume","[[\http://dbpedia.org/resource/Reference\""] [\""http://dbpedia.org/resource/Resume\""]]""","WS"
"1311",1311,"trec-2010-4","neil young tour dates","[[\http://dbpedia.org/resource/Neil_Young\""] [\""http://dbpedia.org/resource/Concert\""] [\""http://dbpedia.org/resource/Calendar_date\""]]""","WS"
"1317",1317,"trec-2010-7","carry-on liquid restrictions","[[\http://dbpedia.org/resource/Hand_luggage\""]]""","WS"
"1321",1321,"trec-2010-9","chain link fence","[[\http://dbpedia.org/resource/Chain-link_fencing\""]]""","WS"
"1324",1324,"trec-2011-1","peace corp application","[[\http://dbpedia.org/resource/Peace_Corps\""] [\""http://dbpedia.org/resource/Application_for_employment\""]]""","WS"
"1335",1335,"trec-2011-6","paramount founders","[[\http://dbpedia.org/resource/Paramount_Pictures\""] [\""http://dbpedia.org/resource/Entrepreneur\""]]""","WS"
"1338",1338,"trec-2011-7","uses for cosmetic laser treatment","[[\http://dbpedia.org/resource/Cosmetics\""] [\""http://dbpedia.org/resource/Laser_medicine\""]]""","WS"
"1340",1340,"trec-2011-8","\cosmetic laser treatment*\"" and efficac*""","[[\http://dbpedia.org/resource/Cosmetology\""] [\""http://dbpedia.org/resource/Laser_medicine\""] [\""http://dbpedia.org/resource/Effectiveness\""]]""","WS"
"1341",1341,"trec-2011-8","\cosmetic laser treatment*\"" and effective*""","[[\http://dbpedia.org/resource/Cosmetology\""] [\""http://dbpedia.org/resource/Laser_medicine\""] [\""http://dbpedia.org/resource/Effectiveness\""]]""","WS"
"1342",1342,"trec-2011-8","define:\cosmetic laser treatment*\""""","[[\http://dbpedia.org/resource/Definition\""] [\""http://dbpedia.org/resource/Cosmetology\""] [\""http://dbpedia.org/resource/Laser_medicine\""]]""","WS"
"1343",1343,"trec-2011-8","laser treatment beauty safety","[[\http://dbpedia.org/resource/Laser_medicine\""] [\""http://dbpedia.org/resource/Beauty\""] [\""http://dbpedia.org/resource/Safety\""]]""","WS"
"1344",1344,"trec-2011-8","laser treatment about","[[\http://dbpedia.org/resource/Laser_medicine\""]]""","WS"
"1345",1345,"trec-2011-8","laser treatment definition","[[\http://dbpedia.org/resource/Laser_medicine\""] [\""http://dbpedia.org/resource/Definition\""]]""","WS"
"1346",1346,"trec-2011-8","(beauty or cosmetic) and laser treatment","[[\http://dbpedia.org/resource/Beauty\""] [\""http://dbpedia.org/resource/Laser_medicine\""] [\""http://dbpedia.org/resource/Laser_medicine\""]]""","WS"
"1348",1348,"trec-2011-9","motorized bike versus motorcycle","[[\http://dbpedia.org/resource/Motorized_bicycle\""] [\""http://dbpedia.org/resource/Motorcycle\""]]""","WS"
"1349",1349,"trec-2011-9","motorized bike driving licences in USA","[[\http://dbpedia.org/resource/Motorized_bicycle\""] [\""http://dbpedia.org/resource/Driver's_license\""] [\""http://dbpedia.org/resource/United_States\""]]""","WS"
"1355",1355,"trec-2012-2","personal IRA or 403 (b)","[[\http://dbpedia.org/resource/Individual_retirement_account\""] [\""http://dbpedia.org/resource/403(b)\""]]""","WS"
"1358",1358,"trec-2012-3","best programming language for beginners","[[\http://dbpedia.org/resource/Programming_language\""] [\""http://dbpedia.org/resource/Beginner\""]]""","WS"
"1361",1361,"trec-2012-4","pocono mountains region activities","[[\http://dbpedia.org/resource/Pocono_Mountains\""] [\""http://dbpedia.org/resource/Region\""] [\""http://dbpedia.org/resource/Recreation\""]]""","WS"
"1362",1362,"trec-2012-4","pocono mountains region national park","[[\http://dbpedia.org/resource/Pocono_Mountains\""] [\""http://dbpedia.org/resource/Region\""] [\""http://dbpedia.org/resource/National_park\""]]""","WS"
"1365",1365,"trec-2012-5","pocono mountains shopping","[[\http://dbpedia.org/resource/Pocono_Mountains\""] [\""http://dbpedia.org/resource/Shopping\""]]""","WS"
"1368",1368,"trec-2012-6","pocono mountains pennsylvania things to do","[[\http://dbpedia.org/resource/Pocono_Mountains\""] [\""http://dbpedia.org/resource/Pennsylvania\""]0 [\""http://dbpedia.org/resource/Recreation\""]]""","WS"
"1369",1369,"trec-2012-6","pocono mountains camelbeach","[[\http://dbpedia.org/resource/Pocono_Mountains\""] [\""http://dbpedia.org/resource/Camelbeach_Waterpark\""]]""","WS"
"1371",1371,"trec-2012-6","pocono mountains chateau resort","[[\http://dbpedia.org/resource/Pocono_Mountains\""]]""","WS"
"1373",1373,"trec-2012-6","pocono mountains chateau resort getting to","[[\http://dbpedia.org/resource/Pocono_Mountains\""]]""","WS"
"1375",1375,"trec-2012-6","pocono mountains chateau resort directions","[[\http://dbpedia.org/resource/Pocono_Mountains\""]]""","WS"
"1388",1388,"trec-2013-2","scooter cheap","[[\http://dbpedia.org/resource/Scooter\""]]""","WS"
"1389",1389,"trec-2013-2","scooter review","[[\http://dbpedia.org/resource/Scooter\""] [\""http://dbpedia.org/resource/Review\""]]""","WS"
"1390",1390,"trec-2013-2","scooter price","[[\http://dbpedia.org/resource/Scooter\""] [\""http://dbpedia.org/resource/Price\""]]""","WS"
"1391",1391,"trec-2013-2","scooter stores","[[\http://dbpedia.org/resource/Scooter\""] [\""http://dbpedia.org/resource/Retail\""]]""","WS"
"1392",1392,"trec-2013-2","where to buy scooters","[[\http://dbpedia.org/resource/Purchasing\""] [\""http://dbpedia.org/resource/Scooter\""]]""","WS"
"1401",1401,"trec-2013-5","heart disease","[[\http://dbpedia.org/resource/Cardiovascular_disease\""]]""","WS"
"1406",1406,"trec-2013-6","long term care insurance \united kingdom\"" OR britain OR england""","[[\http://dbpedia.org/resource/Long-term_care_insurance\""] [\""http://dbpedia.org/resource/United_Kingdom\""] [\""http://dbpedia.org/resource/United_Kingdom\""] [\""http://dbpedia.org/resource/United_Kingdom\""]]""","WS"
"1407",1407,"trec-2013-6","long term care insurance -usa","[[\http://dbpedia.org/resource/Long-term_care_insurance\""] [\""http://dbpedia.org/resource/United_States\""]]""","WS"
"1410",1410,"trec-2013-7","define: long-term care insurance","[[\http://dbpedia.org/resource/Definition\""] [\""http://dbpedia.org/resource/Long-term_care_insurance\""]]""","WS"
"1412",1412,"trec-2013-7","long-term care insurance review","[[\http://dbpedia.org/resource/Long-term_care_insurance\""] [\""http://dbpedia.org/resource/Review\""]]""","WS"
"1413",1413,"trec-2013-7","long-term care insurance comparisons -job","[[\http://dbpedia.org/resource/Long-term_care_insurance\""] [\""http://dbpedia.org/resource/Job_(role)\""]]""","WS"
"1414",1414,"trec-2013-7","long-term care vs life insurance","[[\http://dbpedia.org/resource/Long-term_care\""] [\""http://dbpedia.org/resource/Life_insurance\""]]""","WS"
"1422",1422,"trec-2013-9","selling old us coins","[[\http://dbpedia.org/resource/Selling\""] [\""http://dbpedia.org/resource/Coins_of_the_United_States_dollar\""]]""","WS"
"1425",1425,"trec-2010-10","iron supplements","[[\http://dbpedia.org/resource/Human_iron_metabolism\""] [\""http://dbpedia.org/resource/Dietary_supplement\""]]""","WS"
"1437",1437,"trec-2010-16","disneyland hotels","[[\http://dbpedia.org/resource/Disneyland\""] [\""http://dbpedia.org/resource/Hotel\""]]""","WS"
"1443",1443,"trec-2010-19","heart rate blood pressure cholesterol","[[\http://dbpedia.org/resource/Heart_rate\""] [\""http://dbpedia.org/resource/Blood_pressure\""] [\""http://dbpedia.org/resource/Cholesterol\""]]""","WS"
"1453",1453,"trec-2010-24","providers free wireless","[[\http://dbpedia.org/resource/Wireless_Internet_service_provider\""] [\""http://dbpedia.org/resource/Gratis\""] [\""http://dbpedia.org/resource/Wireless_network\""]]""","WS"
"1455",1455,"trec-2010-25","bart map","[[\http://dbpedia.org/resource/Bay_Area_Rapid_Transit\""] [\""http://dbpedia.org/resource/Topological_map\""] [\""http://dbpedia.org/resource/List_of_Bay_Area_Rapid_Transit_stations\""]]""","WS"
"1457",1457,"trec-2010-26","flames decals","[[\http://dbpedia.org/resource/Flame\""] [\""http://dbpedia.org/resource/Decal\""]]""","WS"
"1469",1469,"trec-2010-32","history games","[[\http://dbpedia.org/resource/History\""] [\""http://dbpedia.org/resource/Game\""] [\""http://dbpedia.org/resource/History_of_games\""]]""","WS"
"1479",1479,"trec-2010-37","sun spot earthquake","[[\http://dbpedia.org/resource/Sunspot\""] [\""http://dbpedia.org/resource/Earthquake\""]]""","WS"
"1489",1489,"trec-2010-42","er episodes","[[\http://dbpedia.org/resource/ER_(TV_series)\""] [\""http://dbpedia.org/resource/Episode\""]]""","WS"
"1491",1491,"trec-2010-43","fabric adhesive","[[\http://dbpedia.org/resource/Textile\""] [\""http://dbpedia.org/resource/Adhesive\""]]""","WS"
"1493",1493,"trec-2010-44","animated penguin pics","[[\http://dbpedia.org/resource/Animation\""] [\""http://dbpedia.org/resource/Penguin\""] [\""http://dbpedia.org/resource/Image\""]]""","WS"
"1511",1511,"trec-2010-53","digital cameras gps","[[\http://dbpedia.org/resource/Digital_camera\""] [\""http://dbpedia.org/resource/Global_Positioning_System\""]]""","WS"
"1521",1521,"trec-2010-58","diversity training","[[\http://dbpedia.org/resource/Diversity_training\""]]""","WS"
"1523",1523,"trec-2010-59","ocd famous sufferers","[[\http://dbpedia.org/resource/Obsessiveâ€“compulsive_disorder\""]]""","WS"
"1529",1529,"trec-2010-62","nih diabetes","[[\http://dbpedia.org/resource/National_Institutes_of_Health\""] [\""http://dbpedia.org/resource/Diabetes_mellitus\""]]""","WS"
"1531",1531,"trec-2010-63","poker atlantic city","[[\http://dbpedia.org/resource/Poker\""] [\""http://dbpedia.org/resource/Atlantic_City_New_Jersey\""]]""","WS"
"1537",1537,"trec-2010-66","difference vldl ldl hdl","[[\http://dbpedia.org/resource/Difference_(philosophy)\""] [\""http://dbpedia.org/resource/Very_low-density_lipoprotein\""] [\""http://dbpedia.org/resource/Low-density_lipoprotein\""] [\""http://dbpedia.org/resource/High-density_lipoprotein\""]]""","WS"
"1541",1541,"trec-2010-68","diabetes educator","[[\http://dbpedia.org/resource/Diabetes_mellitus\""] [\""http://dbpedia.org/resource/Education\""]]""","WS"
"1547",1547,"trec-2010-71","mitchell college admissions","[[\http://dbpedia.org/resource/Mitchell_College\""] [\""http://dbpedia.org/resource/University_and_college_admission\""]]""","WS"
"1551",1551,"trec-2010-73","inexpensive wedding","[[\http://dbpedia.org/resource/Expense\""] [\""http://dbpedia.org/resource/Wedding\""]]""","WS"
"1567",1567,"trec-2010-81","dj jobs","[[\http://dbpedia.org/resource/Disc_jockey\""] [\""http://dbpedia.org/resource/Job_(role)\""]]""","WS"
"1571",1571,"trec-2010-83","history word searches","[[\http://dbpedia.org/resource/History\""] [\""http://dbpedia.org/resource/Word_search\""]]""","WS"
"1579",1579,"trec-2010-87","president of the united states contact","[[\http://dbpedia.org/resource/President_of_the_United_States\""] [\""http://dbpedia.org/resource/Social_network\""]]""","WS"
"1583",1583,"trec-2010-89","continental drift","[[\http://dbpedia.org/resource/Continent\""] [\""http://dbpedia.org/resource/Continental_drift\""]]""","WS"
"1587",1587,"trec-2010-91","satellite internet providers","[[\http://dbpedia.org/resource/Satellite\""] [\""http://dbpedia.org/resource/Internet\""] [\""http://dbpedia.org/resource/Internet_service_provider\""]]""","WS"
"1589",1589,"trec-2010-92","us geographic map","[[\http://dbpedia.org/resource/United_States\""] [\""http://dbpedia.org/resource/Geography\""] [\""http://dbpedia.org/resource/Map\]]""","WS"
"1591",1591,"trec-2010-93","hunting regulations in arizona","[[\http://dbpedia.org/resource/Hunting\""] [\""http://dbpedia.org/resource/Regulation\""] [\""http://dbpedia.org/resource/Arizona\""]]""","WS"
"1595",1595,"trec-2010-95","indexed annuity rating","[[\http://dbpedia.org/resource/Indexed_annuity\""] [\""http://dbpedia.org/resource/Rating\""]]""","WS"
"1599",1599,"trec-2010-97","grow kiwi tree","[[\http://dbpedia.org/resource/Gardening\""] [\""http://dbpedia.org/resource/Kiwifruit\""] [\""http://dbpedia.org/resource/Tree\""]]""","WS"
"1606",1606,"trec-2011-10","crisis intervention professional services","[[\http://dbpedia.org/resource/Crisis_intervention\""] [\""http://dbpedia.org/resource/Professional\""] [\""http://dbpedia.org/resource/Service\""]]""","WS"
"1614",1614,"trec-2011-12","taylor manor maryland","[[\http://dbpedia.org/resource/Sheppard_Pratt_at_Ellicott_City\""] [\""http://dbpedia.org/resource/Maryland\""]]""","WS"
"1618",1618,"trec-2011-13","salary of warrant officer","[[\http://dbpedia.org/resource/Salary\""] [\""http://dbpedia.org/resource/Warrant_officer\""]]""","WS"
"1619",1619,"trec-2011-13","job of warrant officer","[[\http://dbpedia.org/resource/Job\""] [\""http://dbpedia.org/resource/Warrant_officer\""]]""","WS"
"1622",1622,"trec-2011-14","training   management    benefits?","[[\http://dbpedia.org/resource/Training\""] [\""http://dbpedia.org/resource/Management\""] [\""http://dbpedia.org/resource/Benefit\""]]""","WS"
"1624",1624,"trec-2011-14","why  management studies   benefits?","[[\http://dbpedia.org/resource/Why\""] [\""http://dbpedia.org/resource/Management\""] [\""http://dbpedia.org/resource/Study\""] [\""http://dbpedia.org/resource/Benefit\""]]""","WS"
"1626",1626,"trec-2011-14","qualifications   management degree?","[[\http://dbpedia.org/resource/Qualification\""] [\""http://dbpedia.org/resource/Management\""] [\""http://dbpedia.org/resource/Academic_degree\""]]""","WS"
"1627",1627,"trec-2011-14","degree hotel management?","[[\http://dbpedia.org/resource/Degree\""] [\""http://dbpedia.org/resource/Hotel\""] [\""http://dbpedia.org/resource/Management\""]]""","WS"
"1630",1630,"trec-2011-15","hardees affiliates","[[\http://dbpedia.org/resource/Hardee's\""] [\""http://dbpedia.org/resource/Network_affiliate\""]]""","WS"
"1637",1637,"trec-2011-18","earthquake incidence worldwide","[[\http://dbpedia.org/resource/Earthquake\""] [\""http://dbpedia.org/resource/Worldwide\""]]""","WS"
"1638",1638,"trec-2011-18","earthquake mapping","[[\http://dbpedia.org/resource/Earthquake\""] [\""http://dbpedia.org/resource/Mapping\""]]""","WS"
"1641",1641,"trec-2011-19","Iwo Jima travel","[[\http://dbpedia.org/resource/Iwo_Jima\""] [\""http://dbpedia.org/resource/Travel\""]]""","WS"
"1646",1646,"trec-2011-21","dooney and bourke replicas","[[\http://dbpedia.org/resource/Dooney_&_Bourke\""] [\""http://dbpedia.org/resource/Replica\""]]""","WS"
"1651",1651,"trec-2011-23","History of dupont science essay contest","[[\http://dbpedia.org/resource/History\""] [\""http://dbpedia.org/resource/DuPont\""] [\""http://dbpedia.org/resource/Essay\""] [\""http://dbpedia.org/resource/Contest\""]]""","WS"
"1654",1654,"trec-2011-24","What is the DuPont Science Essay Contest?","[[\http://dbpedia.org/resource/What\""] [\""http://dbpedia.org/resource/DuPont\""] [\""http://dbpedia.org/resource/Science\""] [\""http://dbpedia.org/resource/Essay\""] [\""http://dbpedia.org/resource/Contest\""]]""","WS"
"1655",1655,"trec-2011-24","When was the DSEC created?","[[\http://dbpedia.org/resource/When\""]]""","WS"
"1657",1657,"trec-2011-25","CVD causes symptoms treatments","[[\http://dbpedia.org/resource/Causes\""] [\""http://dbpedia.org/resource/Symptom\""] [\""http://dbpedia.org/resource/Treatment\""]]""","WS"
"1658",1658,"trec-2011-25","collagen vascular disease causes symptoms treatments","[[\http://dbpedia.org/resource/Causes\""] [\""http://dbpedia.org/resource/Symptom\""] [\""http://dbpedia.org/resource/Treatment\""]]""","WS"
"1661",1661,"trec-2011-26","lake murray largest fish","[[\http://dbpedia.org/resource/Lake_Murray\""] [\""http://dbpedia.org/resource/Fish\""]]""","WS"
"1665",1665,"trec-2011-28","derivation of \nickname\""""","[[\http://dbpedia.org/resource/Derivation_(linguistics)\""] [\""http://dbpedia.org/resource/Nickname\""]]""","WS"
"1666",1666,"trec-2011-28","thesaurus \nickname\""""","[[\http://dbpedia.org/resource/Thesaurus\""] [\""http://dbpedia.org/resource/Nickname\""]]""","WS"
"1669",1669,"trec-2011-29","Basil family","[[\http://dbpedia.org/resource/Family\""]]""","WS"
"1670",1670,"trec-2011-30","Charles Basil biography","[[\http://dbpedia.org/resource/Charles_Basil_Price\""] [\""http://dbpedia.org/resource/Biography\""]]""","WS"
"1671",1671,"trec-2011-30","Charles Basil acomplishments","[[\http://dbpedia.org/resource/Charles_Basil_Price\""]]""","WS"
"1672",1672,"trec-2011-30","Basil  Charles","[[\http://dbpedia.org/resource/Charles_Basil_Price\""]]""","WS"
"1687",1687,"trec-2011-35","\skagit valley herald\"" created""","[[\http://dbpedia.org/resource/Skagit_Valley\""]""","WS"
"1688",1688,"trec-2011-35","\skagit valley herald\"" founded""","[[\http://dbpedia.org/resource/Skagit_Valley\""]]""","WS"
"1689",1689,"trec-2011-35","\skagit valley herald\"" circulation""","[[\http://dbpedia.org/resource/Skagit_Valley\""] [\""http://dbpedia.org/resource/Newspaper_circulation\""]]""","WS"
"1690",1690,"trec-2011-35","\skagit valley\"" demographics""","[[\http://dbpedia.org/resource/Skagit_Valley\""] [\""http://dbpedia.org/resource/Demographics\""]]""","WS"
"1691",1691,"trec-2011-35","\skagit county\""""","[[\http://dbpedia.org/resource/Skagit_County_Washington\""]]""","WS"
"1692",1692,"trec-2011-35","\skagit valley\"" noted""","[[\http://dbpedia.org/resource/Skagit_Valley\""]]""","WS"
"1693",1693,"trec-2011-35","\skagit valley\"" history""","[[\http://dbpedia.org/resource/Skagit_Valley\""] [\""http://dbpedia.org/resource/History\""]]""","WS"
"1695",1695,"trec-2011-36","wikipedia black powder","[[\http://dbpedia.org/resource/Gunpowder\""]]""","WS"
"1696",1696,"trec-2011-36","black powder inventor","[[\http://dbpedia.org/resource/Gunpowder\""]]""","WS"
"1697",1697,"trec-2011-37","black powder ammunition wiki","[[\http://dbpedia.org/resource/Gunpowder\""] [\""http://dbpedia.org/resource/Wiki\""]]""","WS"
"1698",1698,"trec-2011-37","gun powder wiki","[[\http://dbpedia.org/resource/Gunpowder\""] [\""http://dbpedia.org/resource/Wiki\""]]""","WS"
"1700",1700,"trec-2011-37","usage of gunpowder","[[\http://dbpedia.org/resource/Gunpowder\""]]""","WS"
"1701",1701,"trec-2011-37","history of gunpowder use","[[\http://dbpedia.org/resource/History\""] [\""http://dbpedia.org/resource/Gunpowder\""]]""","WS"
"1704",1704,"trec-2011-38","spain annual rainfall temperature","[[\http://dbpedia.org/resource/Spain\""] [\""http://dbpedia.org/resource/Pressure_system\""] [\""http://dbpedia.org/resource/Year\""]]""","WS"
"1706",1706,"trec-2011-39","Houston community college location","[[\http://dbpedia.org/resource/Houston_Community_College_System\""]]""","WS"
"1708",1708,"trec-2011-40","houston community college associated high schools?","[[\http://dbpedia.org/resource/High_school\""] [\""http://dbpedia.org/resource/Houston_Community_College_System\""]]""","WS"
"1709",1709,"trec-2011-40","houston community college curriculum","[[\http://dbpedia.org/resource/Curriculum\""] [\""http://dbpedia.org/resource/Houston_Community_College_System\""]]""","WS"
"1711",1711,"trec-2011-41","Jay-Z marry","[[\http://dbpedia.org/resource/Jay-Z\""] [\""http://dbpedia.org/resource/Marriage\""]]""","WS"
"1712",1712,"trec-2011-41","Jay-Z albums","[[\http://dbpedia.org/resource/Jay-Z\""] [\""http://dbpedia.org/resource/Album\""]]""","WS"
"1714",1714,"trec-2011-42","Curveball wiki","[[\http://dbpedia.org/resource/Wiki\""]]""","WS"
"1722",1722,"trec-2011-45","merrill lynch CEO HQ","[[\http://dbpedia.org/resource/Merrill_Lynch\""] [\""http://dbpedia.org/resource/Chief_executive_officer\""] [\""http://dbpedia.org/resource/Headquarters\""]]""","WS"
"1723",1723,"trec-2011-45","merrill lynch location","[[\http://dbpedia.org/resource/Merrill_Lynch\""]]""","WS"
"1725",1725,"trec-2011-45","merrill lynch alternative name","[[\http://dbpedia.org/resource/Merrill_Lynch\""] [\""http://dbpedia.org/resource/Pseudonym\""]]""","WS"
"1728",1728,"trec-2011-46","isabelle dinoire ethics","[[\http://dbpedia.org/resource/Isabelle_Dinoire\""] [\""http://dbpedia.org/resource/Ethics\""]]""","WS"
"1733",1733,"trec-2011-48","Irving Berlin list of songs","[[\http://dbpedia.org/resource/Irving_Berlin\""] [\""http://dbpedia.org/resource/List_of_songs_written_by_Irving_Berlin\""]]""","WS"
"1745",1745,"trec-2011-51","\jasper fforde\"" questions answers contents""","[[\http://dbpedia.org/resource/Jasper_Fforde\""] [\""http://dbpedia.org/resource/Question\""]]""","WS"
"1746",1746,"trec-2011-51","\jasper fforde\"" \""thursday next\"" site""","[[\http://dbpedia.org/resource/Jasper_Fforde\""] [\""http://dbpedia.org/resource/Thursday_Next\""] [\""http://dbpedia.org/resource/Website\""]]""","WS"
"1748",1748,"trec-2011-52","Guinnes Brewmaster 2006","[[\http://dbpedia.org/resource/Guinness\""]]""","WS"
"1753",1753,"trec-2011-53","Guinness brewmaster 2006","[[\http://dbpedia.org/resource/Guinness\""]]""","WS"
"1755",1755,"trec-2011-53","Guinness sales per day Ireland","[[\http://dbpedia.org/resource/Guinness\""] [\""http://dbpedia.org/resource/Sales\""] [\""http://dbpedia.org/resource/Day\""] [\""http://dbpedia.org/resource/Ireland\""]]""","WS"
"1757",1757,"trec-2011-53","percent of alcohol by volume in Guinness","[[\http://dbpedia.org/resource/Alcohol_by_volume\""] [\""http://dbpedia.org/resource/Guinness\""]]""","WS"
"1760",1760,"trec-2011-54","first ever hybrid car","[[\http://dbpedia.org/resource/Hybrid_vehicle\""]]""","WS"
"1761",1761,"trec-2011-54","percentage sales of hybrid vehicles in 2004 usa","[[\http://dbpedia.org/resource/Percentage\""] [\""http://dbpedia.org/resource/Sales\""] [\""http://dbpedia.org/resource/Hybrid_vehicle\""] [\""http://dbpedia.org/resource/United_States\""]]""","WS"
"1765",1765,"trec-2011-55","New York American Girl dolls cost","[[\http://dbpedia.org/resource/American_Girl\""] [\""http://dbpedia.org/resource/Doll\""] [\""http://dbpedia.org/resource/Cost\""]]""","WS"
"1767",1767,"trec-2011-55","American Girl doll retail price","[[\http://dbpedia.org/resource/American_Girl\""] [\""http://dbpedia.org/resource/Retail\""] [\""http://dbpedia.org/resource/Price\""]]""","WS"
"1768",1768,"trec-2011-55","American Girl doll wiki","[[\http://dbpedia.org/resource/American_Girl\""] [\""http://dbpedia.org/resource/Doll\""] [\""http://dbpedia.org/resource/Wiki\""]]""","WS"
"1771",1771,"trec-2011-56","chanel museum exhibition clothing","[[\http://dbpedia.org/resource/Chanel\""] [\""http://dbpedia.org/resource/Museum\""] [\""http://dbpedia.org/resource/Exhibition\""] [\""http://dbpedia.org/resource/Clothing\""]]""","WS"
"1772",1772,"trec-2011-56","chanel president","[[\http://dbpedia.org/resource/Chanel\""] [\""http://dbpedia.org/resource/President\""]]""","WS"
"1773",1773,"trec-2011-56","chanel clothes award ceremonies women","[[\http://dbpedia.org/resource/Chanel\""] [\""http://dbpedia.org/resource/Clothing\""] [\""http://dbpedia.org/resource/Award\""] [\""http://dbpedia.org/resource/Ceremony\""] [\""http://dbpedia.org/resource/Woman\""]]""","WS"
"1774",1774,"trec-2011-56","chanel top fragrance","[[\http://dbpedia.org/resource/Chanel\""] [\""http://dbpedia.org/resource/Aroma_compound\""]]""","WS"
"1778",1778,"trec-2011-57","2005 presidential election, Egypt, poster cost","[[\http://dbpedia.org/resource/Egyptian_presidential_election_2005\""]]""","WS"
"1782",1782,"trec-2011-58","\world snooker\"" \""tournaments annually\""""","[[\http://dbpedia.org/resource/World\""] [\""http://dbpedia.org/resource/Snooker\""] [\""http://dbpedia.org/resource/Tournament\""] [\""http://dbpedia.org/resource/Year\""]]""","WS"
"1784",1784,"trec-2011-58","\world snooker\"" \""reigning superstar\""""","[[\http://dbpedia.org/resource/World\""] [\""http://dbpedia.org/resource/Snooker\""] [\""http://dbpedia.org/resource/Reign\""] [\""http://dbpedia.org/resource/Superstar\""]]""","WS"
"1787",1787,"trec-2011-59","marsupials cartoon","[[\http://dbpedia.org/resource/Tasmanian_Devil_(Looney_Tunes)\""] [\""http://dbpedia.org/resource/Marsupial\""] [\""http://dbpedia.org/resource/Cartoon\""]]""","WS"
"1790",1790,"trec-2011-60","non-extinct marsupials","[[\http://dbpedia.org/resource/Extant_taxon\""] [\""http://dbpedia.org/resource/Marsupial\""]]""","WS"
"1794",1794,"trec-2011-60","marsupial outside australia","[[\http://dbpedia.org/resource/Marsupial\""] [\""http://dbpedia.org/resource/Australia\""]]""","WS"
"1795",1795,"trec-2011-60","marsupial manure","[[\http://dbpedia.org/resource/Marsupial\""] [\""http://dbpedia.org/resource/Manure\""]]""","WS"
"1797",1797,"trec-2011-60","marsupial cartoon character","[[\http://dbpedia.org/resource/Tasmanian_Devil_(Looney_Tunes)\""]]""","WS"
"1801",1801,"trec-2011-62","FISA wiretap applications","[[\http://dbpedia.org/resource/Foreign_Intelligence_Surveillance_Act\""] [\""http://dbpedia.org/resource/Telephone_tapping\""]]""","WS"
"1802",1802,"trec-2011-62","FISA judges serving term","[[\http://dbpedia.org/resource/United_States_Foreign_Intelligence_Surveillance_Court\""] [\""http://dbpedia.org/resource/Term_of_office\""] [\""http://dbpedia.org/resource/Foreign_Intelligence_Surveillance_Act\""] [\""http://dbpedia.org/resource/Judge\""]]""","WS"
"1805",1805,"trec-2011-63","1990 FISA wiretap applications","[[\http://dbpedia.org/resource/1990\""] [\""http://dbpedia.org/resource/Foreign_Intelligence_Surveillance_Act\""] [\""http://dbpedia.org/resource/Telephone_tapping\""]]""","WS"
"1806",1806,"trec-2011-63","judges FISA court","[[\http://dbpedia.org/resource/Judge\""] [\""http://dbpedia.org/resource/United_States_Foreign_Intelligence_Surveillance_Court\""]]""","WS"
"1809",1809,"trec-2011-64","australia wine export to United States","[[\http://dbpedia.org/resource/Australian_wine\""] [\""http://dbpedia.org/resource/Export\""] [\""http://dbpedia.org/resource/United_States\""]]""","WS"
"1810",1810,"trec-2011-64","australia female winemaker","[[\http://dbpedia.org/resource/Australians\""] [\""http://dbpedia.org/resource/Woman\""] [\""http://dbpedia.org/resource/Winemaker\""]]""","WS"
"1812",1812,"trec-2011-65","Australian female winemakers","[[\http://dbpedia.org/resource/Australians\""] [\""http://dbpedia.org/resource/Female\""] [\""http://dbpedia.org/resource/Winemaker\""]]""","WS"
"1817",1817,"trec-2011-66","Australia wine export to US","[[\http://dbpedia.org/resource/Australian_wine\""] [\""http://dbpedia.org/resource/Export\""] [\""http://dbpedia.org/resource/United_States\""]]""","WS"
"1818",1818,"trec-2011-66","Yellowtail wine Australia","[[\http://dbpedia.org/resource/Yellow_Tail_(wine)\""] [\""http://dbpedia.org/resource/Australia\""]]""","WS"
"1819",1819,"trec-2011-66","female winemakers Australia","[[\http://dbpedia.org/resource/Female\""] [\""http://dbpedia.org/resource/Winemaker\""] [\""http://dbpedia.org/resource/Australia\""]]""","WS"
"1820",1820,"trec-2011-66","female winemakers site:.com.au","[[\http://dbpedia.org/resource/Female\""] [\""http://dbpedia.org/resource/Winemaker\""] [\""http://dbpedia.org/resource/Website\""][\""http://dbpedia.org/resource/Australia\""]]""","WS"
"1825",1825,"trec-2011-68","jack nicholson co stars","[[\http://dbpedia.org/resource/Jack_Nicholson\""] [\""http://dbpedia.org/resource/Movie_star\""]]""","WS"
"1827",1827,"trec-2011-68","co stars of jack nicholson","[[\http://dbpedia.org/resource/Movie_star\""] [\""http://dbpedia.org/resource/Jack_Nicholson\""]]""","WS"
"1832",1832,"trec-2011-70","frequency hematology report body chemistry","[[\http://dbpedia.org/resource/Frequency\""] [\""http://dbpedia.org/resource/Blood_test\""] [\""http://dbpedia.org/resource/Biomonitoring\""]]""","WS"
"1834",1834,"trec-2011-71","\pest control\"" courses""","[[\http://dbpedia.org/resource/Pest_control\""] [\""http://dbpedia.org/resource/Course_(education)\""]]""","WS"
"1835",1835,"trec-2011-71","\pest control\"" manual \""how-to\""""","[[\http://dbpedia.org/resource/How-to\""] [\""http://dbpedia.org/resource/Pest_control\""] [\""http://dbpedia.org/resource/Pest_(organism)\""]]""","WS"
"1837",1837,"trec-2011-72","which home pregnancy tests are most accurate","[[\http://dbpedia.org/resource/Pregnancy_test\""] [\""http://dbpedia.org/resource/Accuracy_and_precision\""]]""","WS"
"1839",1839,"trec-2011-73","crossword puzzle wiki","[[\http://dbpedia.org/resource/Crossword\""] [\""http://dbpedia.org/resource/Wiki\""]]""","WS"
"1841",1841,"trec-2011-74","\hospital anxiety and depression scale\"" scales \""anxiety is\""""","[[\http://dbpedia.org/resource/Hospital_Anxiety_and_Depression_Scale\""] [\""http://dbpedia.org/resource/Hospital_Anxiety_and_Depression_Scale\""] [\""http://dbpedia.org/resource/Hamilton_Rating_Scale_for_Depression\""] [\""http://dbpedia.org/resource/Hospital\""] [\""http://dbpedia.org/resource/Anxiety\""]]""","WS"
"1843",1843,"trec-2011-75","wiki trust fund","[[\http://dbpedia.org/resource/Wiki\""] [\""http://dbpedia.org/resource/Trust_law\""]]""","WS"
"1851",1851,"trec-2012-11","russian submarine Kursk fleet","[[\http://dbpedia.org/resource/Russian_submarine_K-141_Kursk\""] [\""http://dbpedia.org/resource/Northern_Fleet\""]]""","WS"
"1852",1852,"trec-2012-11","russian submarine Kursk on-board commander","[[\http://dbpedia.org/resource/Russian_submarine_K-141_Kursk\""] [\""http://dbpedia.org/resource/Commanding_officer\""]]""","WS"
"1855",1855,"trec-2012-11","kursk sink express regret","[[\http://dbpedia.org/resource/Russian_submarine_Kursk_explosion\""] [\""http://dbpedia.org/resource/Emotional_expression\""] [\""http://dbpedia.org/resource/Regret\""]]""","WS"
"1856",1856,"trec-2012-11","kursk countries express regret","[[\http://dbpedia.org/resource/Russian_submarine_K-141_Kursk\""] [\""http://dbpedia.org/resource/Country\""] [\""http://dbpedia.org/resource/Emotional_expression\""] [\""http://dbpedia.org/resource/Regret\""]]""","WS"
"1858",1858,"trec-2012-11","kursk UK subs in area","[[\http://dbpedia.org/resource/Russian_submarine_K-141_Kursk\""] [\""http://dbpedia.org/resource/List_of_submarine_classes_of_the_Royal_Navy\""] [\""http://dbpedia.org/resource/Area\""]]""","WS"
"1874",1874,"trec-2012-18","politics 1994-2000  Indian Miss Universe","[[\http://dbpedia.org/resource/Politics_of_India\""] [\""http://dbpedia.org/resource/Miss_Universe\""]]""","WS"
"1891",1891,"trec-2012-24","france 1998 final","[[\http://dbpedia.org/resource/France_national_football_team\""] [\""http://dbpedia.org/resource/1998_FIFA_World_Cup_Final\""] [\""http://dbpedia.org/resource/France\""]]""","WS"
"1892",1892,"trec-2012-24","france vs brazil 1998 stadium","[[\http://dbpedia.org/resource/1998_FIFA_World_Cup_Final\""] [\""http://dbpedia.org/resource/Stade_de_France\""]]""","WS"
"1895",1895,"trec-2012-25","france versus who world cup 1998","[[\http://dbpedia.org/resource/France_national_football_team\""]]""","WS"
"1897",1897,"trec-2012-25","nickname for france football team in world cup 1998","[[\http://dbpedia.org/resource/Nickname\""] [\""http://dbpedia.org/resource/France_national_football_team\""] [\""http://dbpedia.org/resource/1998_FIFA_World_Cup\""]]""","WS"
"1898",1898,"trec-2012-25","stadium final world cup 1998","[[\http://dbpedia.org/resource/Stade_de_France\""] [\""http://dbpedia.org/resource/1998_FIFA_World_Cup\""]]""","WS"
"1899",1899,"trec-2012-25","coach france football team world cup 1998","[[\http://dbpedia.org/resource/Henri_Michel\""] [\""http://dbpedia.org/resource/France_national_football_team\""] [\""http://dbpedia.org/resource/1998_FIFA_World_Cup\""]]""","WS"
"1902",1902,"trec-2012-26","france world cup 1998 stock markets","[[\http://dbpedia.org/resource/France_national_football_team\""] [\""http://dbpedia.org/resource/1998_FIFA_World_Cup\""] [\""http://dbpedia.org/resource/Stock_market\""] [\""http://dbpedia.org/resource/France\""]]""","WS"
"1905",1905,"trec-2012-27","french world cup 1998","[[\http://dbpedia.org/resource/France_national_football_team\""] [\""http://dbpedia.org/resource/1998_FIFA_World_Cup\""] [\""http://dbpedia.org/resource/France\""]]""","WS"
"1909",1911,"trec-2012-29","bollywood beverly hills","[[\http://dbpedia.org/resource/Bollywood\""] [\""http://dbpedia.org/resource/Beverly_Hills_California\""]]""","WS"
"1910",1912,"trec-2012-29","bollywood oscars","[[\http://dbpedia.org/resource/List_of_Indian_submissions_for_the_Academy_Award_for_Best_Foreign_Language_Film\""] [\""http://dbpedia.org/resource/Bollywood\""] [\""http://dbpedia.org/resource/Academy_Award\""]]""","WS"
"1913",1915,"trec-2012-30","bollywood oscars","[[\http://dbpedia.org/resource/List_of_Indian_submissions_for_the_Academy_Award_for_Best_Foreign_Language_Film\""] [\""http://dbpedia.org/resource/Bollywood\""] [\""http://dbpedia.org/resource/Academy_Award\""]]""","WS"
"1915",1917,"trec-2012-31","bollywood legislation","[[\http://dbpedia.org/resource/Bollywood\""] [\""http://dbpedia.org/resource/Legislation\""]]""","WS"
"1916",1918,"trec-2012-31","bollywood promote growth","[[\http://dbpedia.org/resource/Bollywood\""] [\""http://dbpedia.org/resource/Promotion_(marketing)\""] [\""http://dbpedia.org/resource/Economic_growth\""]]""","WS"
"1918",1920,"trec-2012-32","bollywood law","[[\http://dbpedia.org/resource/Bollywood\""] [\""http://dbpedia.org/resource/Legislation\""]]""","WS"
"1924",1926,"trec-2012-35","merck and co. lobbying","[[\http://dbpedia.org/resource/Merck_&_Co.\""] [\""http://dbpedia.org/resource/Lobbying\""]]""","WS"
"1928",1930,"trec-2012-36","\Merck lobbyist\"" united states policy legislation""","[[\http://dbpedia.org/resource/Merck_&_Co.\""] [\""http://dbpedia.org/resource/Lobbying\""] [\""http://dbpedia.org/resource/Public_policy_of_the_United_States\""] [\""http://dbpedia.org/resource/Legislation\""]]""","WS"
"1929",1931,"trec-2012-36","merck lobbying","[[\http://dbpedia.org/resource/Merck_&_Co.\""] [\""http://dbpedia.org/resource/Lobbying\""]]""","WS"
"1931",1933,"trec-2012-37","Merck lobbying US policy","[[\http://dbpedia.org/resource/Merck_&_Co.\""] [\""http://dbpedia.org/resource/Lobbying\""] [\""http://dbpedia.org/resource/Public_policy_of_the_United_States\""]]""","WS"
"1936",1938,"trec-2012-39","\Akira Kurosawa\"" indian cinema""","[[\http://dbpedia.org/resource/Akira_Kurosawa\""] [\""http://dbpedia.org/resource/Cinema_of_India\""]]""","WS"
"1937",1939,"trec-2012-39","\Akira Kurosawa\"" chinese cinema""","[[\http://dbpedia.org/resource/Akira_Kurosawa\""] [\""http://dbpedia.org/resource/Chinese_language\""] [\""http://dbpedia.org/resource/Filmmaking\""]]""","WS"
"1939",1941,"trec-2012-40","water turbine cost per kwh","[[\http://dbpedia.org/resource/Water_turbine\""] [\""http://dbpedia.org/resource/Cost\""] [\""http://dbpedia.org/resource/Kilowatt_hour\""]]""","WS"
"1942",1944,"trec-2012-41","Newton's third law","[[\http://dbpedia.org/resource/Newton's_laws_of_motion\""]]""","WS"
"1945",1947,"trec-2012-42","water turbines replace fossil fuels","[[\http://dbpedia.org/resource/Water_turbine\""]]""","WS"
"1946",1948,"trec-2012-42","water turbines electricity generation cost per kWh","[[\http://dbpedia.org/resource/Water_turbine\""] [\""http://dbpedia.org/resource/Cost\""] [\""http://dbpedia.org/resource/Kilowatt_hour\""]]""","WS"
"1947",1949,"trec-2012-42","effective water turbines types","[[\http://dbpedia.org/resource/Effectiveness\""] [\""http://dbpedia.org/resource/Water_turbine\""]]""","WS"
"1948",1950,"trec-2012-42","comparison of water turbine types","[[\http://dbpedia.org/resource/Water_turbine\""]]""","WS"
"1950",1952,"trec-2012-43","types of water turbines","[[\http://dbpedia.org/resource/Water_turbine\""]]""","WS"
"1951",1953,"trec-2012-43","newtons laws on water turbines","[[\http://dbpedia.org/resource/Newton's_laws_of_motion\""] [\""http://dbpedia.org/resource/Water_turbine\""]]""","WS"
"1961",1963,"trec-2012-47","pseudocyesis history","[[\http://dbpedia.org/resource/False_pregnancy\""] [\""http://dbpedia.org/resource/History\""]]""","WS"
"1970",1972,"trec-2012-50","causes of false preganancy","[[\http://dbpedia.org/resource/Causality\""] [\""http://dbpedia.org/resource/False_pregnancy\""]]""","WS"
"1976",1978,"trec-2012-52","psuedocyesis causes study","[[\http://dbpedia.org/resource/False_pregnancy\""] [\""http://dbpedia.org/resource/Causality\""] [\""http://dbpedia.org/resource/Clinical_trial\""]]""","WS"
"1977",1979,"trec-2012-52","psuedocyesis pathogenesis","[[\http://dbpedia.org/resource/False_pregnancy\""] [\""http://dbpedia.org/resource/Pathogenesis\""]]""","WS"
"1978",1980,"trec-2012-52","psuedocyesis pathology","[[\http://dbpedia.org/resource/False_pregnancy\""] [\""http://dbpedia.org/resource/Pathology\""]]""","WS"
"1980",1982,"trec-2012-53","servering spinal cord consequenses","[[\http://dbpedia.org/resource/Cutting\""] [\""http://dbpedia.org/resource/Spinal_cord\""]]""","WS"
"1989",1991,"trec-2012-56","silicon roof coating tutorial","[[\http://dbpedia.org/resource/Silicone\""] [\""http://dbpedia.org/resource/Roof_coating\""]]""","WS"
"1991",1993,"trec-2012-56","roof coating solutions","[[\http://dbpedia.org/resource/Roof_coating\""]]""","WS"
"1992",1994,"trec-2012-56","roof coating lower temperature","[[\http://dbpedia.org/resource/Roof_coating\""] [\""http://dbpedia.org/resource/Temperature\""]]""","WS"
"1999",2001,"trec-2012-58","how roof installation prevent heat","[[\http://dbpedia.org/resource/Roof\""] [\""http://dbpedia.org/resource/Heat\""]]""","WS"
"2001",2003,"trec-2012-59","cool roof","[[\http://dbpedia.org/resource/Cooling\""] [\""http://dbpedia.org/resource/Roof\""]]""","WS"
"2003",2005,"trec-2012-60","attic insulation airconditioning costs","[[\http://dbpedia.org/resource/Attic\""] [\""http://dbpedia.org/resource/Building_insulation\""] [\""http://dbpedia.org/resource/Air_conditioning\""] [\""http://dbpedia.org/resource/Cost\""]]""","WS"
"2005",2007,"trec-2012-61","Indian wedding customs","[[\http://dbpedia.org/resource/Indian_people\""] [\""http://dbpedia.org/resource/Wedding\""] [\""http://dbpedia.org/resource/Convention_(norm)\""]]""","WS"
"2007",2009,"trec-2012-62","Indian wedding customs","[[\http://dbpedia.org/resource/Indian_people\""] [\""http://dbpedia.org/resource/Wedding\""] [\""http://dbpedia.org/resource/Convention_(norm)\""]]""","WS"
"2009",2011,"trec-2012-63","buddhist wedding rituals","[[\http://dbpedia.org/resource/Buddhism\""] [\""http://dbpedia.org/resource/Wedding\""] [\""http://dbpedia.org/resource/Ritual\""]]""","WS"
"2010",2012,"trec-2012-63","shinto wedding rituals","[[\http://dbpedia.org/resource/Shinto\""] [\""http://dbpedia.org/resource/Wedding\""] [\""http://dbpedia.org/resource/Ritual\""]]""","WS"
"2012",2014,"trec-2012-64","Sunspots Environmental effects","[[\http://dbpedia.org/resource/Sunspot\""] [\""http://dbpedia.org/resource/Natural_environment\""] [\""http://dbpedia.org/resource/Result\""]]""","WS"
"2013",2015,"trec-2012-64","Sunspot life cycle","[[\http://dbpedia.org/resource/Sunspot\""]]""","WS"
"2014",2016,"trec-2012-64","Are sunspots local burnouts","[[\http://dbpedia.org/resource/Sunspot\""] [\""http://dbpedia.org/resource/Local\""]]""","WS"
"2015",2017,"trec-2012-64","How do sunspots effect us","[[\http://dbpedia.org/resource/Sunspot\""] [\""http://dbpedia.org/resource/Result\""] [\""http://dbpedia.org/resource/Human\""]]""","WS"
"2029",2031,"trec-2012-71","dehumidifiers technical specifications","[[\http://dbpedia.org/resource/Dehumidifier\""] [\""http://dbpedia.org/resource/Specification_(technical_standard)\""]]""","WS"
"2037",2039,"trec-2012-74","dehumidifier comparison which?","[[\http://dbpedia.org/resource/Dehumidifier\""]]""","WS"
"2062",2064,"trec-2012-85","scientific glass blowing","[[\http://dbpedia.org/resource/Scientific_glassblowing\""]]""","WS"
"2065",2067,"trec-2012-86","glass blowing science","[[\http://dbpedia.org/resource/Glassblowing\""] [\""http://dbpedia.org/resource/Science\""]]""","WS"
"2070",2072,"trec-2012-88","hermetic sealing services","[[\http://dbpedia.org/resource/Hermetic_seal\""] [\""http://dbpedia.org/resource/Service_(economics)\""]]""","WS"
"2073",2075,"trec-2012-89","sample tube sealing expert","[[\http://dbpedia.org/resource/Test_tube\""] [\""http://dbpedia.org/resource/Seal_(mechanical)\""] [\""http://dbpedia.org/resource/Expert\""]]""","WS"
"2076",2078,"trec-2012-90","autoimmune disease sport","[[\http://dbpedia.org/resource/Autoimmune_disease\""] [\""http://dbpedia.org/resource/Sport\""]]""","WS"
"2080",2082,"trec-2012-91","collagen vascular disease active lifestyle","[[\http://dbpedia.org/resource/Vascular_disease\""] [\""http://dbpedia.org/resource/Physical_exercise\""] [\""http://dbpedia.org/resource/Lifestyle_(sociology)\""] [\""http://dbpedia.org/resource/Lifestyle_(sociology)\""]]""","WS"
"2081",2083,"trec-2012-91","collagen vascular disease sport","[[\http://dbpedia.org/resource/Vascular_disease\""] [\""http://dbpedia.org/resource/Sport\""]]""","WS"
"2088",2090,"trec-2012-93","connecticut fire department","[[\http://dbpedia.org/resource/Connecticut\""] [\""http://dbpedia.org/resource/Fire_department\""]]""","WS"
"2091",2093,"trec-2012-94","\connecticut fire academy\"" fireman""","[[\http://dbpedia.org/resource/National_Fire_Academy\""] [\""http://dbpedia.org/resource/Firefighter\""]]""","WS"
"2101",2103,"trec-2012-97","\Connecticut Fire Academy\"" skills""","[[\http://dbpedia.org/resource/National_Fire_Academy\""] [\""http://dbpedia.org/resource/Skill\""]]""","WS"
"2107",2109,"trec-2013-11","quiting smoking side effecs","[[\http://dbpedia.org/resource/Smoking_cessation\""] [\""http://dbpedia.org/resource/Side_effect\""]]""","WS"
"2109",2111,"trec-2013-11","quiting smoking using hypnosis","[[\http://dbpedia.org/resource/Smoking_cessation\""] [\""http://dbpedia.org/resource/Hypnosis\""]]""","WS"
"2110",2112,"trec-2013-11","quiting smoking help","[[\http://dbpedia.org/resource/Smoking_cessation\""] [\""http://dbpedia.org/resource/Help\""]]""","WS"
"2112",2114,"trec-2013-12","kansas city hotels airport","[[\http://dbpedia.org/resource/Kansas_City_metropolitan_area\""] [\""http://dbpedia.org/resource/Hotel\""] [\""http://dbpedia.org/resource/Kansas_City_International_Airport\""] [\""http://dbpedia.org/resource/Charles_B._Wheeler_Downtown_Airport\""]]""","WS"
"2113",2115,"trec-2013-12","kansas city chiefs fixtures","[[\http://dbpedia.org/resource/Kansas_City_Chiefs\""]]""","WS"
"2115",2117,"trec-2013-13","kansas city airport hotels","[[\http://dbpedia.org/resource/Kansas_City_Missouri\""] [\""http://dbpedia.org/resource/Airport\""]]""","WS"
"2116",2118,"trec-2013-13","kansas city casino","[[\http://dbpedia.org/resource/Kansas_City_Missouri\""] [\""http://dbpedia.org/resource/Casino\""]]""","WS"
"2117",2119,"trec-2013-13","kansas city zoo","[[\http://dbpedia.org/resource/Kansas_City_Missouri\""] [\""http://dbpedia.org/resource/Zoo\""]]""","WS"
"2118",2120,"trec-2013-13","kansas city state parks","[[\http://dbpedia.org/resource/Kansas_City_Missouri\""]]""","WS"
"2119",2121,"trec-2013-13","kansas city wikipedia","[[\http://dbpedia.org/resource/Kansas_City_Missouri\""] [\""http://dbpedia.org/resource/Wikipedia\""]]""","WS"
"2120",2122,"trec-2013-13","kansas city history","[[\http://dbpedia.org/resource/Kansas_City_Missouri\""] [\""http://dbpedia.org/resource/History\""]]""","WS"
"2121",2123,"trec-2013-13","kansas city things to do","[[\http://dbpedia.org/resource/Kansas_City_Missouri\""] [\""http://dbpedia.org/resource/Tourist_attraction\""]]""","WS"
"2124",2126,"trec-2013-14","what to take on a road trip","[[\http://dbpedia.org/resource/Road_trip\""]]""","WS"
"2127",2129,"trec-2013-15","planning a road trip","[[\http://dbpedia.org/resource/Planning\""] [\""http://dbpedia.org/resource/Road_trip\""]]""","WS"
"2129",2131,"trec-2013-16","training high school teacher free professional development","[[\http://dbpedia.org/resource/Training\""] [\""http://dbpedia.org/resource/High_school\""] [\""http://dbpedia.org/resource/Teacher\""] [\""http://dbpedia.org/resource/Gratis\""] [\""http://dbpedia.org/resource/Professional_development\""]]""","WS"
"2133",2135,"trec-2013-17","jp morgan largest data center","[[\http://dbpedia.org/resource/JPMorgan_Chase\""] [\""http://dbpedia.org/resource/Data_center\""]]""","WS"
"2134",2136,"trec-2013-17","data center compare microsoft jp morgan","[[\http://dbpedia.org/resource/Data_center\""] [\""http://dbpedia.org/resource/Microsoft\""] [\""http://dbpedia.org/resource/JPMorgan_Chase\""]]""","WS"
"2140",2142,"trec-2013-18","JP Morgan Chase overview","[[\http://dbpedia.org/resource/JPMorgan_Chase\""]]""","WS"
"2141",2143,"trec-2013-18","JP Morgan Chase annual report","[[\http://dbpedia.org/resource/JPMorgan_Chase\""] [\""http://dbpedia.org/resource/Annual_report\""]]""","WS"
"2146",2148,"trec-2013-19","JP Morgan Chase computational scientist profile","[[\http://dbpedia.org/resource/JPMorgan_Chase\""] [\""http://dbpedia.org/resource/Computational_scientist\""]]""","WS"
"2148",2150,"trec-2013-19","JP Morgan data center news","[[\http://dbpedia.org/resource/JPMorgan_Chase\""] [\""http://dbpedia.org/resource/Data_center\""] [\""http://dbpedia.org/resource/News\""]]""","WS"
"2152",2154,"trec-2013-20","march madness 2012 runner up","[[\http://dbpedia.org/resource/2011\\u201312_Kansas_Jayhawks_men's_basketball_team\""] [\""http://dbpedia.org/resource/2012_NCAA_Men's_Division_I_Basketball_Tournament\""] [\""http://dbpedia.org/resource/Runner-up\""]]""","WS"
"2153",2155,"trec-2013-20","march madness 2012 host city","[[\http://dbpedia.org/resource/New_Orleans\""] [\""http://dbpedia.org/resource/2012_NCAA_Men's_Division_I_Basketball_Tournament\""] [\""http://dbpedia.org/resource/City\""]]""","WS"
"2154",2156,"trec-2013-20","march madness 2012 host stadium","[[\http://dbpedia.org/resource/Mercedes-Benz_Superdome\""] [\""http://dbpedia.org/resource/2012_NCAA_Men's_Division_I_Basketball_Tournament\""] [\""http://dbpedia.org/resource/Stadium\""]]""","WS"
"2155",2157,"trec-2013-20","march madness 2012 final four","[[\http://dbpedia.org/resource/2012_NCAA_Men's_Division_I_Basketball_Tournament\""] [\""http://dbpedia.org/resource/Final_four\""]]""","WS"
"2156",2158,"trec-2013-20","march madness 2012 number teams","[[\http://dbpedia.org/resource/2012_NCAA_Men's_Division_I_Basketball_Tournament\""] [\""http://dbpedia.org/resource/Number\""] [\""http://dbpedia.org/resource/Team\""]]""","WS"
"2157",2159,"trec-2013-20","march madness slang","[[\http://dbpedia.org/resource/NCAA_Men's_Division_I_Basketball_Championship\""] [\""http://dbpedia.org/resource/Slang\""]]""","WS"
"2159",2161,"trec-2013-20","march madness semi finals","[[\http://dbpedia.org/resource/NCAA_Men's_Division_I_Basketball_Championship\""]]""","WS"
"2167",2169,"trec-2013-21","NCAA tournament \march madness\"" 2012 championship runner-up""","[[\http://dbpedia.org/resource/2011\\u201312_Kansas_Jayhawks_men's_basketball_team\""] [\""http://dbpedia.org/resource/2012_NCAA_Men's_Division_I_Basketball_Tournament\""] [\""http://dbpedia.org/resource/Championship\""] [\""http://dbpedia.org/resource/Runner-up\""]]""","WS"
"2168",2170,"trec-2013-21","won NCAA \march madness\"" 2012""","[[\http://dbpedia.org/resource/Champion\""] [\""http://dbpedia.org/resource/2012_NCAA_Men's_Division_I_Basketball_Tournament\""]]""","WS"
"2169",2171,"trec-2013-21","NCAA \march madness\"" 2012 results""","[[\http://dbpedia.org/resource/2012_NCAA_Men's_Division_I_Basketball_Tournament\""] [\""http://dbpedia.org/resource/Result\""]]""","WS"
"2170",2172,"trec-2013-21","NCAA \march madness\"" 2012 broadcast""","[[\http://dbpedia.org/resource/2012_NCAA_Men's_Division_I_Basketball_Tournament\""] [\""http://dbpedia.org/resource/Broadcasting\""]]""","WS"
"2171",2173,"trec-2013-21","NCAA \march madness\"" 2012 semifinals sport news""","[[\http://dbpedia.org/resource/2012_NCAA_Men's_Division_I_Basketball_Tournament\""] [\""http://dbpedia.org/resource/Sport\""] [\""http://dbpedia.org/resource/News\""]]""","WS"
"2179",2181,"trec-2013-22","Isabelle \face transplants\""""","[[\http://dbpedia.org/resource/Isabelle_Dinoire\""] [\""http://dbpedia.org/resource/Face_transplant\""]]""","WS"
"2182",2184,"trec-2013-22","first \full face transplant\"" Oscar""","[[\http://dbpedia.org/resource/First\""] [\""http://dbpedia.org/resource/Face_transplant\""]]""","WS"
"2186",2188,"trec-2013-23","dulles hotels","[[\http://dbpedia.org/resource/Washington_Dulles_International_Airport\""] [\""http://dbpedia.org/resource/Hotel\""]]""","WS"
"2187",2189,"trec-2013-23","dulles metro stop","[[\http://dbpedia.org/resource/Washington_Dulles_International_Airport\""]]""","WS"
"2189",2191,"trec-2013-24","dulles airport virginia","[[\http://dbpedia.org/resource/Washington_Dulles_International_Airport\""] [\""http://dbpedia.org/resource/Virginia\""]]""","WS"
"2195",2197,"trec-2013-26","Conductor of the boston pops orchestra","[[\http://dbpedia.org/resource/Conducting\""] [\""http://dbpedia.org/resource/Boston_Pops_Orchestra\""]]""","WS"
"2197",2199,"trec-2013-26","Information regarding the Boston Pops Conductor","[[\http://dbpedia.org/resource/Information\""] [\""http://dbpedia.org/resource/Boston_Pops_Orchestra\""] [\""http://dbpedia.org/resource/Conducting\""]]""","WS"
"2198",2200,"trec-2013-26","Information regarding the Boston Pops Manager","[[\http://dbpedia.org/resource/Information\""] [\""http://dbpedia.org/resource/Boston_Pops_Orchestra\""]]""","WS"
"2201",2203,"trec-2013-27","jeopardy video","[[\http://dbpedia.org/resource/Jeopardy!\""] [\""http://dbpedia.org/resource/Video\""]]""","WS"
"2210",2212,"trec-2013-31","churchill downs horse racing park","[[\http://dbpedia.org/resource/Churchill_Downs\""]]""","WS"
"2212",2214,"trec-2013-31","\churchill downs\"" horse racing schedule""","[[\http://dbpedia.org/resource/Churchill_Downs\""] [\""http://dbpedia.org/resource/Horse_racing\""]]""","WS"
"2218",2220,"trec-2013-32","Churchill downs schedule","[[\http://dbpedia.org/resource/Churchill_Downs\""]]""","WS"
"2220",2222,"trec-2013-32","Churchill downs seating","[[\http://dbpedia.org/resource/Churchill_Downs\""] [\""http://dbpedia.org/resource/Seating_assignment\""]]""","WS"
"2221",2223,"trec-2013-32","Churchill downs Kentucky derby museum","[[\http://dbpedia.org/resource/Churchill_Downs\""] [\""http://dbpedia.org/resource/Kentucky_Derby_Museum\""]]""","WS"
"2224",2226,"trec-2013-33","general schedule pay tables federal wage system","[[\http://dbpedia.org/resource/General_Schedule_(US_civil_service_pay_scale)\""] [\""http://dbpedia.org/resource/Federal_Wage_System\""]]""","WS"
"2225",2227,"trec-2013-33","general schedule pay tables \federal goverment\""""","[[\http://dbpedia.org/resource/General_Schedule_(US_civil_service_pay_scale)\""] [\""http://dbpedia.org/resource/Federation\""]]""","WS"
"2228",2230,"trec-2013-34","guide internet phone services","[[\http://dbpedia.org/resource/Guide_to_information_sources\""] [\""http://dbpedia.org/resource/Voice_over_IP\""]]""","WS"
"2232",2234,"trec-2013-35","internet phones voip reviews","[[\http://dbpedia.org/resource/Voice_over_IP\""] [\""http://dbpedia.org/resource/Review\""]]""","WS"
"2236",2238,"trec-2013-36","ip telefonijos paslaugos","[[\http://dbpedia.org/resource/Voice_over_IP\""] [\""http://dbpedia.org/resource/Lithuania\""]]""","WS"
"2239",2241,"trec-2013-36","ip telefonas","[[\http://dbpedia.org/resource/Voice_over_IP\""] [\""http://dbpedia.org/resource/Lithuania\""]]""","WS"
"2240",2242,"trec-2013-36","ip balso telefonija","[[\http://dbpedia.org/resource/Voice_over_IP\""] [\""http://dbpedia.org/resource/Lithuania\""]]""","WS"
"2241",2243,"trec-2013-36","voip telefonas","[[\http://dbpedia.org/resource/Voice_over_IP\""] [\""http://dbpedia.org/resource/Lithuania\""]]""","WS"
"2245",2247,"trec-2013-38","SUNY albany hospital location","[[\http://dbpedia.org/resource/University_at_Albany_SUNY\""] [\""http://dbpedia.org/resource/Hospital\""] [\""http://dbpedia.org/resource/Location_(geography)\""]]""","WS"
"2247",2249,"trec-2013-38","albany university hospital location","[[\http://dbpedia.org/resource/University_at_Albany_SUNY\""] [\""http://dbpedia.org/resource/Hospital\""] [\""http://dbpedia.org/resource/Location_(geography)\""]]""","WS"
"2250",2252,"trec-2013-39","number of suny colleges","[[\http://dbpedia.org/resource/State_University_of_New_York\""]]""","WS"
"2251",2253,"trec-2013-39","suny college bioinformatics degree","[[\http://dbpedia.org/resource/State_University_of_New_York\""] [\""http://dbpedia.org/resource/DNA\""] [\""http://dbpedia.org/resource/Academic_degree\""]]""","WS"
"2252",2254,"trec-2013-39","map suny albany hospital","[[\http://dbpedia.org/resource/Map\""] [\""http://dbpedia.org/resource/University_at_Albany_SUNY\""] [\""http://dbpedia.org/resource/Hospital\""]]""","WS"
"2255",2257,"trec-2013-40","gun control us government","[[\http://dbpedia.org/resource/Gun_control\""] [\""http://dbpedia.org/resource/Gun_politics_in_the_United_States\""] [\""http://dbpedia.org/resource/Government\""]]""","WS"
"2256",2258,"trec-2013-40","gun control current affairs","[[\http://dbpedia.org/resource/Gun_control\""] [\""http://dbpedia.org/resource/Current_affairs_(news_format)\""]]""","WS"
"2257",2259,"trec-2013-40","gun violence us","[[\http://dbpedia.org/resource/Gun_violence_in_the_United_States\""] [\""http://dbpedia.org/resource/Gun_politics_in_the_United_States\""]]""","WS"
"2258",2260,"trec-2013-40","law center to prevent gun violence","[[\http://dbpedia.org/resource/Legal_Community_Against_Violence\""]]""","WS"
"2262",2264,"trec-2013-42","gun violence us campuses","[[\http://dbpedia.org/resource/Gun_violence\""] [\""http://dbpedia.org/resource/Gun_politics_in_the_United_States\""] [\""http://dbpedia.org/resource/Campus\""]]""","WS"
"2263",2265,"trec-2013-42","most deadly type of gun in gun violence","[[\http://dbpedia.org/resource/Lethality\""] [\""http://dbpedia.org/resource/Gun\""] [\""http://dbpedia.org/resource/Gun_violence\""]]""","WS"
"2265",2267,"trec-2013-43","gun violence on US college campus","[[\http://dbpedia.org/resource/Gun_violence\""] [\""http://dbpedia.org/resource/Campus\""]]""","WS"
"2267",2269,"trec-2013-43","types of gun used in violent events","[[\http://dbpedia.org/resource/Gun\""] [\""http://dbpedia.org/resource/Violence\""]]""","WS"
"2269",2271,"trec-2013-44","healthy meals","[[\http://dbpedia.org/resource/Health\""] [\""http://dbpedia.org/resource/Meal\""]]""","WS"
"2270",2272,"trec-2013-44","healthy nutrition for infants","[[\http://dbpedia.org/resource/Nutrition\""] [\""http://dbpedia.org/resource/Infant\""]]""","WS"
"2272",2274,"trec-2013-45","red bull drink side effects ban","[[\http://dbpedia.org/resource/Red_Bull\""] [\""http://dbpedia.org/resource/Side_effect\""] [\""http://dbpedia.org/resource/Ban_(law)\""]]""","WS"
"2273",2275,"trec-2013-45","red bull ban","[[\http://dbpedia.org/resource/Red_Bull\""] [\""http://dbpedia.org/resource/Ban_(law)\""]]""","WS"
"2278",2280,"trec-2013-46","red bull drink","[[\http://dbpedia.org/resource/Red_Bull\""]]""","WS"
"2279",2281,"trec-2013-46","red bull ingridients","[[\http://dbpedia.org/resource/Red_Bull\""] [\""http://dbpedia.org/resource/Ingredient\""]]""","WS"
"2281",2283,"trec-2013-46","red bull in US","[[\http://dbpedia.org/resource/Red_Bull\""] [\""http://dbpedia.org/resource/United_States\""]]""","WS"
"2283",2285,"trec-2013-47","banned food","[[\http://dbpedia.org/resource/Ban_(law)\""] [\""http://dbpedia.org/resource/Food\""]]""","WS"
"2286",2288,"trec-2013-48","patent office","[[\http://dbpedia.org/resource/Patent_office\""]]""","WS"
"2287",2289,"trec-2013-48","patent law","[[\http://dbpedia.org/resource/Patent\""] [\""http://dbpedia.org/resource/Law\""]]""","WS"
"2289",2291,"trec-2013-48","patent lawyer","[[\http://dbpedia.org/resource/Patent\""] [\""http://dbpedia.org/resource/Lawyer\""]]""","WS"
"2290",2292,"trec-2013-48","provisional patent","[[\http://dbpedia.org/resource/Provisional_application\""] [\""http://dbpedia.org/resource/Patent\""]]""","WS"
"2294",2296,"trec-2013-50","fitness wiki","[[\http://dbpedia.org/resource/Physical_fitness\""] [\""http://dbpedia.org/resource/Wiki\""]]""","WS"
"2297",2299,"trec-2013-50","keto diet","[[\http://dbpedia.org/resource/Ketogenic_diet\""]]""","WS"
"2306",2308,"trec-2013-52","loans for business","[[\http://dbpedia.org/resource/Loan\""] [\""http://dbpedia.org/resource/Business\""]]""","WS"
"2308",2310,"trec-2013-52","renting a building business sillicon valley","[[\http://dbpedia.org/resource/Renting\""] [\""http://dbpedia.org/resource/Building\""] [\""http://dbpedia.org/resource/Business\""]]""","WS"
"2309",2311,"trec-2013-52","renting an office sillicon valley","[[\http://dbpedia.org/resource/Renting\""] [\""http://dbpedia.org/resource/Office\""]]""","WS"
"2311",2313,"trec-2013-53","tips pay raise","[[\http://dbpedia.org/resource/Tip_(gratuity)\""] [\""http://dbpedia.org/resource/Wage\""]]""","WS"
"2314",2316,"trec-2013-54","employee fraud best practice","[[\http://dbpedia.org/resource/Employment\""] [\""http://dbpedia.org/resource/Fraud\""] [\""http://dbpedia.org/resource/Best_practice\""]]""","WS"
"2317",2319,"trec-2013-55","evaluate employees","[[\http://dbpedia.org/resource/Evaluation\""] [\""http://dbpedia.org/resource/Employment\""]]""","WS"
"2319",2321,"trec-2013-56","events ideas student association","[[\http://dbpedia.org/resource/Event\""] [\""http://dbpedia.org/resource/Idea\""] [\""http://dbpedia.org/resource/Student\""] [\""http://dbpedia.org/resource/Association\""] [\""http://dbpedia.org/resource/Students'_union\""]]""","WS"
"2322",2324,"trec-2013-57","developmental milestones infants east asia","[[\http://dbpedia.org/resource/Human_development_(biology)\""] [\""http://dbpedia.org/resource/Milestone\""] [\""http://dbpedia.org/resource/Infant\""] [\""http://dbpedia.org/resource/East\""] [\""http://dbpedia.org/resource/Asia\""] [\""http://dbpedia.org/resource/Child_development_stages\""]]""","WS"
"2325",2327,"trec-2013-57","developmental milestones asian infants","[[\http://dbpedia.org/resource/Human_development_(biology)\""] [\""http://dbpedia.org/resource/Milestone\""]]""","WS"
"2328",2330,"trec-2013-57","asian infants development","[[\http://dbpedia.org/resource/Asian_people\""] [\""http://dbpedia.org/resource/Infant\""] [\""http://dbpedia.org/resource/Human_development_(biology)\""]]""","WS"
"2329",2331,"trec-2013-57","asian babies development","[[\http://dbpedia.org/resource/Asian_people\""] [\""http://dbpedia.org/resource/Infant\""] [\""http://dbpedia.org/resource/Human_development_(biology)\""]]""","WS"
"2331",2333,"trec-2013-57","are developmental milestones universal","[[\http://dbpedia.org/resource/Human_development_(biology)\""] [\""http://dbpedia.org/resource/Child_development_stages\""] [\""http://dbpedia.org/resource/Universal\""]]""","WS"
"2332",2334,"trec-2013-57","asian developmental milestones","[[\http://dbpedia.org/resource/Asian_people\""] [\""http://dbpedia.org/resource/Human_development_(biology)\""] [\""http://dbpedia.org/resource/Child_development_stages\""]]""","WS"
"2333",2335,"trec-2013-57","chinese infant developmental milestones","[[\http://dbpedia.org/resource/Chinese_people\""] [\""http://dbpedia.org/resource/Infant\""] [\""http://dbpedia.org/resource/Human_development_(biology)\""] [\""http://dbpedia.org/resource/Child_development_stages\""]]""","WS"
"2335",2337,"trec-2013-57","infant milestones variations","[[\http://dbpedia.org/resource/Infant\""] [\""http://dbpedia.org/resource/Child_development_stages\""] [\""http://dbpedia.org/resource/Variation\""]]""","WS"
"2336",2338,"trec-2013-57","infant milestones cultural","[[\http://dbpedia.org/resource/Infant\""] [\""http://dbpedia.org/resource/Child_development_stages\""] [\""http://dbpedia.org/resource/Culture\""]]""","WS"
"2337",2339,"trec-2013-57","infant milestones differences","[[\http://dbpedia.org/resource/Infant\""] [\""http://dbpedia.org/resource/Child_development_stages\""] [\""http://dbpedia.org/resource/Difference\""]]""","WS"
"2338",2340,"trec-2013-57","asian children milestones","[[\http://dbpedia.org/resource/Asian_people\""] [\""http://dbpedia.org/resource/Child\""] [\""http://dbpedia.org/resource/Child_development_stages\""]]""","WS"
"2340",2342,"trec-2013-58","'EUROPEAN UNION\ \""ECONOMIC CRISIS\""""","[[\http://dbpedia.org/resource/Financial_crisis\""]]""","WS"
"2342",2344,"trec-2013-58","'EUROPEAN UNION\ \""ECONOMIC CRISIS\"" portugal""","[[\http://dbpedia.org/resource/Financial_crisis\""] [\""http://dbpedia.org/resource/Portugal\""]]""","WS"
"2343",2345,"trec-2013-58","'EUROPEAN UNION\ \""ECONOMIC CRISIS\"" spain""","[[\http://dbpedia.org/resource/Financial_crisis\""] [\""http://dbpedia.org/resource/Spain\""]]""","WS"
"2345",2347,"trec-2013-59","eurozone crisis leader actions","[[\http://dbpedia.org/resource/European_sovereign-debt_crisis\""] [\""http://dbpedia.org/resource/Leadership\""] [\""http://dbpedia.org/resource/Action\""]]""","WS"
"2347",2349,"trec-2013-60","eurozone spain leader actions","[[\http://dbpedia.org/resource/Eurozone\""] [\""http://dbpedia.org/resource/Spain\""] [\""http://dbpedia.org/resource/Leadership\""]]""","WS"
"2348",2350,"trec-2013-60","spain spanish leader crisis action","[[\http://dbpedia.org/resource/Spain\""] [\""http://dbpedia.org/resource/Spanish_people\""] [\""http://dbpedia.org/resource/Leadership\""] [\""http://dbpedia.org/resource/Crisis\""]]""","WS"
"2349",2351,"trec-2013-60","ireland spanish leader crisis action","[[\http://dbpedia.org/resource/Ireland\""] [\""http://dbpedia.org/resource/Spanish_people\""] [\""http://dbpedia.org/resource/Leadership\""] [\""http://dbpedia.org/resource/Crisis\""]]""","WS"
"2350",2352,"trec-2013-60","ireland irish leader crisis action","[[\http://dbpedia.org/resource/Ireland\""] [\""http://dbpedia.org/resource/Irish\""] [\""http://dbpedia.org/resource/Leadership\""] [\""http://dbpedia.org/resource/Crisis\""]]""","WS"
"2351",2353,"trec-2013-60","piigs leader crisis action","[[\http://dbpedia.org/resource/PIGS_(economics)\""] [\""http://dbpedia.org/resource/Leadership\""] [\""http://dbpedia.org/resource/Crisis\""]]""","WS"
"2352",2354,"trec-2013-60","cyprus leader crisis action","[[\http://dbpedia.org/resource/Cyprus\""] [\""http://dbpedia.org/resource/Leadership\""] [\""http://dbpedia.org/resource/Crisis\""]]""","WS"
"2354",2356,"trec-2013-61","round-trip advantages versus road-trip","[[\http://dbpedia.org/resource/Round_trip\""] [\""http://dbpedia.org/resource/Advantage\""] [\""http://dbpedia.org/resource/Versus\""] [\""http://dbpedia.org/resource/Road_trip\""]]""","WS"
"2355",2357,"trec-2013-61","round-trip enjoyable versus road-trip","[[\http://dbpedia.org/resource/Round_trip\""] [\""http://dbpedia.org/resource/Versus\""] [\""http://dbpedia.org/resource/Road_trip\""]]""","WS"
"2360",2362,"trec-2013-62","romantic road trips","[[\http://dbpedia.org/resource/Romance\""] [\""http://dbpedia.org/resource/Road_trip\""]]""","WS"
"2361",2363,"trec-2013-62","enjoyable boring road trip","[[\http://dbpedia.org/resource/Boredom\""]]""","WS"
"2362",2364,"trec-2013-62","enjoyable boring getaways","[[\http://dbpedia.org/resource/Boredom\""] [\""http://dbpedia.org/resource/Getaway\""]]""","WS"
"2363",2365,"trec-2013-62","best getaways","[[\http://dbpedia.org/resource/Best\""] [\""http://dbpedia.org/resource/Getaway\""]]""","WS"
"2372",2374,"trec-2013-63","Voip reviews","[[\http://dbpedia.org/resource/Voice_over_IP\""] [\""http://dbpedia.org/resource/Review\""]]""","WS"
"2377",2379,"trec-2013-65","gun control outcomes","[[\http://dbpedia.org/resource/Gun_control\""] [\""http://dbpedia.org/resource/Outcome\""]]""","WS"
"2378",2380,"trec-2013-65","ban guns","[[\http://dbpedia.org/resource/Gun_control\""] [\""http://dbpedia.org/resource/Gun\""]]""","WS"
"2381",2383,"trec-2013-66","does gun control reduce gun violence","[[\http://dbpedia.org/resource/Gun_control\""] [\""http://dbpedia.org/resource/Reduction\""] [\""http://dbpedia.org/resource/Gun\""] [\""http://dbpedia.org/resource/Violence\""]]""","WS"
"2385",2387,"trec-2013-67","naturalism theism","[[\http://dbpedia.org/resource/Naturalism_(philosophy)\""] [\""http://dbpedia.org/resource/Theism\""]]""","WS"
"2387",2389,"trec-2013-68","US healthcare system","[[\http://dbpedia.org/resource/Health_care_in_the_United_States\""]]""","WS"
"2388",2390,"trec-2013-68","us healthcare for employed","[[\http://dbpedia.org/resource/Health_care_in_the_United_States\""] [\""http://dbpedia.org/resource/Employment\""]]""","WS"
"2389",2391,"trec-2013-68","how does healthcare work in the USA for employed people?","[[\http://dbpedia.org/resource/Health_care\""] [\""http://dbpedia.org/resource/Manual_labour\""] [\""http://dbpedia.org/resource/United_States\""] [\""http://dbpedia.org/resource/Employment\""] [\""http://dbpedia.org/resource/People\""]]""","WS"
"2393",2395,"trec-2013-69","malaria donations","[[\http://dbpedia.org/resource/Malaria\""] [\""http://dbpedia.org/resource/Donation\""]]""","WS"
"2397",2399,"trec-2013-70","AIDS Africa charity donate","[[\http://dbpedia.org/resource/HIV/AIDS\""] [\""http://dbpedia.org/resource/Africa\""] [\""http://dbpedia.org/resource/Charity_(practice)\""] [\""http://dbpedia.org/resource/Donation\""]]""","WS"
"2398",2400,"trec-2013-70","malaria Africa charity donate","[[\http://dbpedia.org/resource/Malaria\""] [\""http://dbpedia.org/resource/Africa\""] [\""http://dbpedia.org/resource/Charity_(practice)\""] [\""http://dbpedia.org/resource/Donation\""]]""","WS"
"2401",2403,"trec-2013-71","teachers evaluation students peers","[[\http://dbpedia.org/resource/Teacher\""] [\""http://dbpedia.org/resource/Evaluation\""] [\""http://dbpedia.org/resource/Student\""] [\""http://dbpedia.org/resource/Peer_review\""]]""","WS"
"2404",2406,"trec-2013-71","teachers evaluation wikipedia","[[\http://dbpedia.org/resource/Teacher\""] [\""http://dbpedia.org/resource/Evaluation\""] [\""http://dbpedia.org/resource/Wikipedia\""]]""","WS"
"2405",2407,"trec-2013-71","teachers assement","[[\http://dbpedia.org/resource/Teacher\""] [\""http://dbpedia.org/resource/Educational_assessment\""]]""","WS"
"2406",2408,"trec-2013-71","teachers excellence","[[\http://dbpedia.org/resource/Teacher\""] [\""http://dbpedia.org/resource/Excellence\""]]""","WS"
"2407",2409,"trec-2013-71","teache assement wikipedia","[[\http://dbpedia.org/resource/Teacher\""] [\""http://dbpedia.org/resource/Educational_assessment\""] [\""http://dbpedia.org/resource/Wikipedia\""]]""","WS"
"2409",2411,"trec-2013-72","infant development \cultural effects\""""","[[\http://dbpedia.org/resource/Child_development\""]]""","WS"
"2410",2412,"trec-2013-72","infant OR child development intitle:culture","[[\http://dbpedia.org/resource/Child_development\""] [\""http://dbpedia.org/resource/Culture\""]]""","WS"
"2411",2413,"trec-2013-72","infant OR child development milestones","[[\http://dbpedia.org/resource/Child_development_stages\""]]""","WS"
"2414",2416,"trec-2013-72","infant OR child \development milestones\"" site:ac.uk""","[[\http://dbpedia.org/resource/Child_development_stages\""] [\""http://dbpedia.org/resource/Website\""]]""","WS"
"2415",2417,"trec-2013-72","Do infants age 0-12 months experience different developmental milestones depending on culture","[[\http://dbpedia.org/resource/Infant\""] [\""http://dbpedia.org/resource/Ageing\""] [\""http://dbpedia.org/resource/Experience\""] [\""http://dbpedia.org/resource/Child_development_stages\""]]""","WS"
"2416",2418,"trec-2013-72","culture OR race infant OR child development stages OR milestones","[[\http://dbpedia.org/resource/Culture\""] [\""http://dbpedia.org/resource/Race_(human_classification)\""] [\""http://dbpedia.org/resource/Child_development_stages\""]]""","WS"
"2418",2420,"trec-2013-72","infant OR child development \effect of culture\""""","[[\http://dbpedia.org/resource/Child_development\""]]""","WS"
"2419",2421,"trec-2013-72","infant OR child development \cultural differences\""""","[[\http://dbpedia.org/resource/Child_development\""] [\""http://dbpedia.org/resource/Cultural_identity\""]]""","WS"
"2423",2425,"trec-2013-73","developmental milestones infants \cultural differences\""""","[[\http://dbpedia.org/resource/Child_development_stages\""] [\""http://dbpedia.org/resource/Cultural_identity\""]]""","WS"
"2425",2427,"trec-2013-74","infant development western eastern cultures","[[\http://dbpedia.org/resource/Child_development\""] [\""http://dbpedia.org/resource/Western_culture\""] [\""http://dbpedia.org/resource/Eastern_world\""] [\""http://dbpedia.org/resource/Culture\""]]""","WS"
"2426",2428,"trec-2013-74","infant development milestone cultural effects","[[\http://dbpedia.org/resource/Child_development_stages\""]]""","WS"
"2427",2429,"trec-2013-74","infant development milestone \cultural differences\""""","[[\http://dbpedia.org/resource/Child_development_stages\""] [\""http://dbpedia.org/resource/Cultural_identity\""]]""","WS"
"2428",2430,"trec-2013-74","infant development milestone \cultural competence""","[[\http://dbpedia.org/resource/Child_development_stages\""] [\""http://dbpedia.org/resource/Cultural_competence\""]]""","WS"
"2429",2431,"trec-2013-74","infant development milestone developed and third world countries","[[\http://dbpedia.org/resource/Child_development_stages\""] [\""http://dbpedia.org/resource/Developed_country\""] [\""http://dbpedia.org/resource/Third_World\""]]""","WS"
"2435",2437,"trec-2013-75","why is marijuana illegal?","[[\http://dbpedia.org/resource/Cannabis_(drug)\""] [\""http://dbpedia.org/resource/Law\""]]""","WS"
"2436",2438,"trec-2013-75","is marijuana worse for your health than alcohol?","[[\http://dbpedia.org/resource/Cannabis_(drug)\""] [\""http://dbpedia.org/resource/Health\""] [\""http://dbpedia.org/resource/Alcohol\""]]""","WS"
"2443",2445,"trec-2013-77","high calorie food tax evidence based","[[\http://dbpedia.org/resource/Calorie\""] [\""http://dbpedia.org/resource/Food\""] [\""http://dbpedia.org/resource/Tax\""] [\""http://dbpedia.org/resource/Evidence\""]]""","WS"
"2444",2446,"trec-2013-77","high calorie snack tax evidence based","[[\http://dbpedia.org/resource/Calorie\""] [\""http://dbpedia.org/resource/Snack_food\""] [\""http://dbpedia.org/resource/Tax\""] [\""http://dbpedia.org/resource/Evidence\""]]""","WS"
"2445",2447,"trec-2013-77","government intervention tax \junk food\""""","[[\http://dbpedia.org/resource/Fat_tax\""]]""","WS"
"2447",2449,"trec-2013-78","tax on junk food","[[\http://dbpedia.org/resource/Tax\""] [\""http://dbpedia.org/resource/Junk_food\""]]""","WS"
"2449",2451,"trec-2013-79","food ban","[[\http://dbpedia.org/resource/Food\""] [\""http://dbpedia.org/resource/Ban_(law)\""]]""","WS"
"2453",2455,"trec-2013-81","should numbers of women and minorities in workplace be contolled","[[\http://dbpedia.org/resource/Number\""] [\""http://dbpedia.org/resource/Woman\""] [\""http://dbpedia.org/resource/Minority_group\""] [\""http://dbpedia.org/resource/Workplace\""]]""","WS"
"2457",2459,"trec-2013-83","phd business salaries","[[\http://dbpedia.org/resource/PhD_in_management\""] [\""http://dbpedia.org/resource/Salary\""]]""","WS"
"2458",2460,"trec-2013-83","business phd funding","[[\http://dbpedia.org/resource/PhD_in_management\""] [\""http://dbpedia.org/resource/Funding\""]]""","WS"
"2459",2461,"trec-2013-83","business phd vs masters","[[\http://dbpedia.org/resource/PhD_in_management\""] [\""http://dbpedia.org/resource/Master's_degree\""]]""","WS"
"2460",2462,"trec-2013-83","business phd duration","[[\http://dbpedia.org/resource/PhD_in_management\""]]""","WS"
"2461",2463,"trec-2013-83","business phd income","[[\http://dbpedia.org/resource/PhD_in_management\""] [\""http://dbpedia.org/resource/Income\""]]""","WS"
"2476",2478,"trec-2013-87","hartford visitors","[[\http://dbpedia.org/resource/Hartford_Connecticut\""]]""","WS"
"2477",2479,"trec-2013-87","hartford connecticut tourism","[[\http://dbpedia.org/resource/Hartford_Connecticut\""] [\""http://dbpedia.org/resource/Connecticut\""] [\""http://dbpedia.org/resource/Tourism\""]]""","WS"
"2478",2480,"trec-2013-87","hartford boston travel","[[\http://dbpedia.org/resource/Hartford_Connecticut\""] [\""http://dbpedia.org/resource/Boston\""] [\""http://dbpedia.org/resource/Travel\""]]""","WS"
"2479",2481,"trec-2013-87","boston tourism","[[\http://dbpedia.org/resource/Boston\""] [\""http://dbpedia.org/resource/Tourism\""]]""","WS"
"2480",2482,"trec-2013-87","nyc tourism","[[\http://dbpedia.org/resource/New_York_City\""] [\""http://dbpedia.org/resource/Tourism\""]]""","WS"
"2481",2483,"trec-2013-87","philadelphia nyc distance","[[\http://dbpedia.org/resource/Philadelphia\""] [\""http://dbpedia.org/resource/New_York_City\""] [\""http://dbpedia.org/resource/Distance\""]]""","WS"
"2482",2484,"trec-2013-87","philadelphia washington dc distance","[[\http://dbpedia.org/resource/Philadelphia\""] [\""http://dbpedia.org/resource/Washington_D.C.\""] [\""http://dbpedia.org/resource/Distance\""]]""","WS"
"2483",2485,"trec-2013-87","philadelphia tourism","[[\http://dbpedia.org/resource/Philadelphia\""] [\""http://dbpedia.org/resource/Tourism\""]]""","WS"
"2484",2486,"trec-2013-87","washington dc tourism","[[\http://dbpedia.org/resource/Washington_D.C.\""] [\""http://dbpedia.org/resource/Tourism\""]]""","WS"
"2486",2488,"trec-2013-87","philadelphia nyc train","[[\http://dbpedia.org/resource/Philadelphia\""] [\""http://dbpedia.org/resource/New_York_City\""] [\""http://dbpedia.org/resource/Train\""]]""","WS"
"2487",2489,"trec-2013-87","philadelphia nyc bus","[[\http://dbpedia.org/resource/Philadelphia\""] [\""http://dbpedia.org/resource/New_York_City\""] [\""http://dbpedia.org/resource/Bus\""]]""","WS"
"2500",2502,"trec-2010-100","forearm braces","[[\http://dbpedia.org/resource/Forearm\""] [\""http://dbpedia.org/resource/Orthotics\""]]""","WS"
"2504",2506,"trec-2010-102","obama's mother","[[\http://dbpedia.org/resource/Barack_Obama\""] [\""http://dbpedia.org/resource/Ann_Dunham\""]]""","WS"
"2508",2510,"trec-2010-104","hoboken map","[[\http://dbpedia.org/resource/Hoboken_New_Jersey\""] [\""http://dbpedia.org/resource/Map\""]]""","WS"
"2510",2512,"trec-2010-105","orange county convention center events","[[\http://dbpedia.org/resource/Orange_County_Convention_Center\""]]""","WS"
"2512",2514,"trec-2010-106","identify different types of moths","[[\http://dbpedia.org/resource/Identification_key\""] [\""http://dbpedia.org/resource/Species\""] [\""http://dbpedia.org/resource/Moth\""]]""","WS"
"2524",2526,"trec-2010-112","hotels rincon puerto rico","[[\http://dbpedia.org/resource/Hotel\""] [\""http://dbpedia.org/resource/Rincon,_Puerto_Rico\""] [\""http://dbpedia.org/resource/Puerto_Rico\""]]""","WS"
"2534",2536,"trec-2010-117","deadliest tornadoes","[[\http://dbpedia.org/resource/Lethality\""] [\""http://dbpedia.org/resource/Tornado\""]]""","WS"
"2542",2544,"trec-2010-121","music man script","[[\http://dbpedia.org/resource/The_Music_Man\""] [\""http://dbpedia.org/resource/Play_(theatre)\""]]""","WS"
"2554",2556,"trec-2010-127","building raised garden bed","[[\http://dbpedia.org/resource/Do_it_yourself\""] [\""http://dbpedia.org/resource/Raised-bed_gardening\""]]""","WS"
"2566",2568,"trec-2010-133","dog heat illnesses","[[\http://dbpedia.org/resource/Dog\""] [\""http://dbpedia.org/resource/Heat_illness\""]]""","WS"
"2586",2588,"trec-2010-143","obama mother bio","[[\http://dbpedia.org/resource/Ann_Dunham\""] [\""http://dbpedia.org/resource/Biography\""]]""","WS"
"2594",2596,"trec-2010-147","afghanistan history","[[\http://dbpedia.org/resource/History_of_Afghanistan\""] [\""http://dbpedia.org/resource/Afghanistan\""] [\""http://dbpedia.org/resource/History\""]]""","WS"
"2596",2598,"trec-2010-148","arizona regulations hunting fishing","[[\http://dbpedia.org/resource/Arizona\""] [\""http://dbpedia.org/resource/Regulation\""] [\""http://dbpedia.org/resource/Hunting\""] [\""http://dbpedia.org/resource/Fishing\""]]""","WS"
"2598",2600,"trec-2010-149","practice gmat exams","[[\http://dbpedia.org/resource/Practice_(learning_method)\""] [\""http://dbpedia.org/resource/Graduate_Management_Admission_Test\""] [\""http://dbpedia.org/resource/Test_(assessment)\""]]""","WS"
"2600",2602,"trec-2010-150","wedding shower ideas","[[\http://dbpedia.org/resource/Bridal_shower\""] [\""http://dbpedia.org/resource/Idea\""]]""","WS"
